movie_id,user_name,user_id,comment,time,good,source
1197732,晗尐蕥,132294581,跟男神一起去看的，感觉不错。他开始说，并不是他喜欢的类型，看完讲，没白看，还行。反正我是超级喜欢啦😍，男神也终于到手啦,2017-12-22 03:23,2966,4.5
1197732,我的老大李三金,132294006,年度最佳国产罪案片 导演纠结在还原原著和适度改编的平衡点 导致细节略有缺失 把我最喜欢的无所不能的魏巍改编成了一个懦弱妇女有点遗憾 方木江亚在原著中的智慧体现的太少 最后原作中方木的惊天大局在电影里几乎算是个不大不小的败笔 一个连gps都发现不了的江亚何德何能让警方找不到证据 既然是三个人设下的局 难道局长就眼睁睁看着方木送死连个高科技gps都不给 也不派人跟踪么 逻辑上完全无法自洽 邓超和阮经天的演技生生把崩溃的剧情拉了回来,2017-12-22 02:38,1355,4.5
1197732,Zhh366070947,132296341,我平时就很喜欢看悬疑侦探片，这部电影没有辜负我的期待，情节紧凑有逻辑，而且每个演员都表现得很棒，其中最让我惊艳的莫过于米楠刘诗诗，她让我以往对她的固化形象大有改观，这次她是一个充满正义感，有行动力，有信仰的一个警察。,2017-12-22 07:37,431,5
1197732,Venniegiel,132394024,7分极限了，送给超哥和小天的表演 导演的镜头感极差，无穷无尽的特写镜头，许多精彩的对局生生被特写打的支离破碎，电影整体的剪辑很是问题，节奏感极其失败，紧张的冲突和打斗镜头被莫名其妙的剪辑和慢镜头全部毁掉 最后作为原著粉，方木的人设精英心理画像师的塑造彻底失败了，整部电影关于方木的犯罪心理分析和直觉都以类似盲探里的闪回镜头做处理，但这种处理方式与电影开篇邓超镜头的短片断没有任何人设上的关键，割裂感很重 最后，感情戏啊感情戏，加的一塌糊涂，两人的互动莫名其妙没有火花，几次完全没必要的刘诗诗的镜头插入跳戏现象非常明显。 烂镜头和烂剪辑毁了好演员和好剧本，一声叹息,2017-12-22 20:58,808,3.5
1197732,苦艾123,132477431,整部电影在拙劣的模仿七宗罪，这倒也没什么，问题是整部电影的三观都不正，把犯罪分子杀人狂魔各种神化，美化，包装成正义的化身，把警察拍成了一群饭桶！不孝就该死？律师做好自己的本职工作就该死？老师对学生严厉了就该死？这是什么三观！这简直是颠倒黑白！不要误导了社会大众好吗？阮经天出来一秒钟就知道谁是凶手了，还推理个屁啊！整部电影从头到尾没有一处是讲证据的，证据呢？查案不是靠证据吗？玩小孩子游戏呢？,2017-12-23 10:39,242,0.5
1197732,萌萌哒老湿,132293015,邓超演的心理罪城市之光要比上一个廖凡质量好多了，基本比较尊重原著，没有多余且垃圾的特效，江亚的演员也把江亚变态扭曲的性格演绎的很不错；然而比较遗憾的事剧本的改编把原著江亚的高智商与方木斗智斗勇删减了不少，还有原著中勇敢机智的魏巍也变成了一个可有可无的角色。总的还是瑕不掩瑜吧，邓超明明有演技，干嘛还要演恶棍天使这种烂片[捂脸],2017-12-22 02:03,239,4
1197732,小星星zm,132293814,超哥，阮经天演技很棒，很用心。超哥的每一个眼神都很到位。刘诗诗塑造的角色应该让整个电影更精彩的，却没有达到这个效果，成了一个可有可无的人物塑造。整个电影更倾向于破案片，和心理学挂钩比较少。,2017-12-22 02:30,315,4.5
1197732,jah600091040,132445199,《城市之光》观影结束影片末尾，伴随着李健的歌声响起，一幕幕真实视频让我深受启发。其实这是一个关于网络暴力的深度批判型电影，很多现实生活中不如意的人躲在网络背后，轻易审判他人的罪恶和生死，从而滋生出一个狂魔。而片尾的那些视频、录像（不剧透自己去看），让我觉得在这个到处都充满猫腻的社会形态下生活久了，竟然有时候不相信“司法正义”四个字了。这部电影让我相信即使有50%的蛆存在，也还有50%的好人存在。,2017-12-23 00:08,196,5
1197732,KING0412,132446197,真的不错。邓超演的好看！其实，如果是悲剧可能会更有意义点。当然故事能完美结束也是很好的。 看到彩蛋，其实不能说是彩蛋。 城市之光，确实还是我们的人民警察，我们的人民部队。虽然现在还是有很多很多穿着警服的流氓，但是还是依旧相信我们的人名警察的正义，相信这个社会，这个国家是因为他们的照耀，他们的守护才会有美好的生活。还是要相信他们身上的国徽！ 最危难的时候，挺身而出的还是他们！ 致敬！,2017-12-23 00:14,143,5
1197732,欧洲古堡,132394812,整体氛围拍摄得好。舞台也就是在这样的舆论环境下才会发生人性悲剧。其实这沉重的压力每个人都会施加给他人也会被他人施加到自己身上，要是没有结尾那些字幕自以为能代表评判法官的话就更完美了。每个案件的设计和发生都是很容易在生活中看到的原型。这让人想到上世纪90年代的那部美剧《黑暗的公正》中的故事，有类似之处。其实更像一部心理剖析的剧，比一般的罪案类影片有深层次的心理人性哲学讨论的深度。想到很多现实中的例子，尤其是舆论也能杀人，每个人都会成为推波助澜的帮凶，提醒我们舆论也应该有底限和法律准则来约束，更需要内心的平和与己所不欲勿施于人等等自我约束的高度。不然就会沦为滥用表达权的的凶恶之徒。小说应该更好看！,2017-12-22 21:02,111,4.5
1197732,ckkyle,1031122829,寒山寺几节课k,2018-07-27 21:36,0,5
1197732,一个月675,1031115989,麻麻～怪兽恶心,2018-07-27 21:26,0,3
1197732,lI一舸,1031057125,生娃最后时间段看的……半年了才评论😊😊,2018-07-27 21:22,0,5
1197732,Oer905757545,1031113508,蛮好的，有内容,2018-07-27 21:17,0,4
1197732,Daz462138419,1031089165,强烈推荐这个电影,2018-07-27 20:11,0,5
1197732,悦2800,1031090348,原著党！！！！！！！,2018-07-27 19:53,0,4
1197732,vuK325848153,1031082707,刚开始觉得茫然，后来深受感慨。,2018-07-27 19:23,0,3.5
1197732,zoey,1031077106,看了比较压抑，不过邓超演技很棒,2018-07-27 19:16,0,5
1197732,cal880140429,1031070410,很好看，本人比较喜欢,2018-07-27 18:54,0,5
1197732,凯妮最美,1031065240,喜欢这种推理剧,2018-07-27 18:08,0,5
1197732,赵先生z灬,1031064449,行咯行咯行咯,2018-07-27 18:03,0,5
1197732,yxx19960328520,1031055553,挺不错的，值得看,2018-07-27 17:34,0,5
1197732,phq114666242,1031050235,总体还是不错啦,2018-07-27 17:31,0,4.5
1197732,zac639570453,1031055327,感觉还可以吧,2018-07-27 17:31,0,3.5
1197732,顾及你ia,1031051702,不怎么好看的电影,2018-07-27 17:23,0,0.5
1197732,莫梳莫忘,1031036571,为什么一定要我写出来，伤人的话还是算了吧。,2018-07-27 16:57,0,2
1197732,zdf160416722,1031035153,震撼，迷上心理罪，,2018-07-27 16:27,0,5
1197732,拓跋力,1031019521,还可以，没睡着,2018-07-27 15:50,0,4.5
1197732,tIF665622011,1031016250,很好看，就是一个人去看的,2018-07-27 15:26,0,5
1197732,苏珊,1031015112,冲着邓超来的，好评,2018-07-27 14:53,0,5
1197732,孤心寒月！xl,1031004412,挺好的！！！,2018-07-27 14:27,0,4.5
1197732,XYM596192301,1031007256,好看 好看 很好看,2018-07-27 14:06,0,5
1197732,eBc831675929,1030997303,很好看的😙😁😁😁😁😁,2018-07-27 13:35,0,5
1197732,舞了嚎疯的,1030999393,还可以吧，主角感觉差一点点,2018-07-27 13:23,0,4
1197732,丫宝宝911,1030925279,邓超的演技非常棒。,2018-07-27 13:16,0,4
1197732,白鳐.,1030983461,特别好看很喜欢悬疑片,2018-07-27 12:02,0,5
1197732,我会很坏,1030983457,还挺不错的。,2018-07-27 12:02,0,4.5
1197732,九欧巴kid,1030859955,挺好的，无尿点,2018-07-27 11:24,0,4.5
1197732,ywX586116373,1030973340,不错。。。。,2018-07-27 11:21,0,5
1197732,TDk377020019,1030915056,还好吧，剧情还行,2018-07-27 11:03,0,4.5
1197732,大大大淑女啊,1030971144,很好很好很好很好,2018-07-27 10:50,0,5
1197732,宝儿恩恩,1030970376,看过小说再看这电影，觉得邓超演的真好，除了形象有点老气跟我心目中的方木不太像，其他都很到位,2018-07-27 10:49,0,4.5
1197732,海蓝色的泪水,1030964389,好看奥！！！！,2018-07-27 09:45,0,5
1197732,ktI128084418,1030954624,超哥演技没得说，剧情也挺好看,2018-07-27 09:07,0,4.5
1197732,vkp109298196,1030955982,很好看的电影，内容精彩。,2018-07-27 06:51,0,5
1197732,phR466593952,1030956187,还行还行还行,2018-07-27 06:42,0,3
1197732,wangjian861115,1030955874,一般的电影，不好看,2018-07-27 06:30,0,3.5
1197732,宁樾,1030956104,邓超演技不是盖的,2018-07-27 06:24,0,5
1197732,滴答西雅图,1030848841,儿子说好看，我们一家去看的,2018-07-27 06:11,0,5
1197732,ELM435212343,1030948903,影片很好看，影院环境很好，下次还来,2018-07-27 00:10,0,3.5
1197732,qte503914369,1030948359,电影情节不错，邓超演技有进步,2018-07-26 23:47,0,4
1197732,yanchen123450,1030942029,感觉还不错吧,2018-07-26 23:31,0,3.5
1197732,pIP853614683,1030935961,演员演技杠杠的,2018-07-26 23:25,0,5
1197732,屌炸天的敏爸爸,1030943749,可以的。。。,2018-07-26 23:17,0,5
1197732,CJD574725464,1030943011,完全冲着邓超去的，造型不好看,2018-07-26 22:53,0,3
1197732,阿云AY,1030938134,因为邓超在上海路演我也在场，邓超本人真的是很帅的！原来明星都很瘦。我站在第一排哈哈哈,2018-07-26 22:49,0,5
1197732,tWf677901998,1030848542,忘记了看了很久了,2018-07-26 22:12,0,5
1197732,fdk828889926,1030927269,有趣，相当有趣，很有趣,2018-07-26 20:39,0,5
1197732,SJ水哥,1030923541,还好，不错，可以,2018-07-26 20:14,0,4.5
1197732,本冠,1030920017,不错不错不错不错,2018-07-26 19:34,0,5
1197732,MEb234744150,1030906745,好看好看好看,2018-07-26 19:31,0,5
1197732,wsy251314,1030911055,一般般，没有想象中的画面感,2018-07-26 18:27,0,3
1197732,cpc696651252,1030907147,好看很棒好吧,2018-07-26 18:00,0,5
1197732,forever悦643,1030900748,还挺好看的， 好好好好,2018-07-26 17:19,0,5
1197732,PKJ780232627,1030898858,好看！！！！！！,2018-07-26 17:02,0,5
1197732,稳妥99i,1030895073,不错。。。。。。,2018-07-26 16:12,0,5
1197732,白骨x,1030888644,挺好看，绕脑的,2018-07-26 15:25,0,5
1197732,冉闵与岳飞,1030877245,还不错吧～就是不喜欢男主角,2018-07-26 13:06,0,4
1197732,aYD834482453,1030870065,强推强推强推,2018-07-26 12:41,0,5
1197732,呼噜呼噜5228,1030874092,这个还可以吧,2018-07-26 12:34,0,4.5
1197732,AwO859558789,1030871315,很好看啊 刘诗诗和邓超的演技超级好,2018-07-26 12:13,0,5
1197732,零魔艾玉,1030863617,喜欢超哥的演技,2018-07-26 12:11,0,5
1197732,Anxiety.700,1030864541,记得当时有点怕怕 电影很一般吧 能猜到剧情的那种,2018-07-26 11:27,0,3
1197732,iiPoison,1030852982,还行吧。，。。，。。,2018-07-26 11:01,0,4
1197732,深海沉溺不孤单,1030862243,还可以，挺喜欢剧情的,2018-07-26 10:50,0,5
1197732,hTz164694940,1030852761,刺激，不错的电影,2018-07-26 10:43,0,5
1197732,Gtm998204993,1030861053,以上帝视角裁决别人的人，似乎从来没有反思过自己,2018-07-26 10:32,0,3.5
1197732,美妲团人,1030847728,冲阮经天看的,2018-07-26 09:47,0,4
1197732,gmm822,1030785249,非常好，很喜欢,2018-07-26 09:35,0,4
1197732,fxd169615137,1030854217,不写了，这么长时间了,2018-07-26 08:37,0,3.5
1197732,shx0601,1030841271,洞察人的犯罪心理、很喜欢看让你脑洞大开的电影,2018-07-26 02:39,0,4.5
1197732,生生852,1030842690,一般，影片不好看,2018-07-26 00:31,0,2
1197732,瑜二哥,1030724902,为了邓超看的,2018-07-25 23:33,0,5
1197732,oWP443762432,1030839163,特别好，环境不错,2018-07-25 23:29,0,5
1197732,jHp770811467,1030827676,圣诞节去看的，每个演员的演技都很棒,2018-07-25 23:05,0,5
1197732,GBB190241825,1030827455,看到了我家超超的演技还是蛮开心的,2018-07-25 22:51,0,4.5
1197732,悲冥有鱼,1030832201,很久之前在唐山看的片子。本来是冲着邓超去的，结果被阮经天的演技圈粉了。 故事情节很紧凑，演员的演技也很好。但是觉得刘诗诗有点违和。,2018-07-25 22:31,0,4
1197732,SjO240745874,1030817837,不错喜欢好吧,2018-07-25 21:59,0,4.5
1197732,刘秀兰621,1030818252,喜欢这种风格的片子，故事、拍摄都不错。,2018-07-25 20:33,0,4
1197732,DML89218812,1030804984,啊啊啊啊啊啊啊啊啊啊啊啊啊啊啊啊,2018-07-25 20:00,0,5
1197732,fDZ387950718,1030813843,还可以还可以,2018-07-25 19:57,0,4
1197732,姜小花i,1030812319,好看(｡･ω･｡)ﾉ♡,2018-07-25 19:29,0,5
1197732,shenchuan_ren,1030808777,还是不错的，好看的国产片,2018-07-25 19:11,0,5
1197732,jHg845892002,1030804144,还不错哦，剧情还不错,2018-07-25 18:53,0,4
1197732,HEM491469974,1030806923,现在她走了 我很想她,2018-07-25 18:51,0,4
1197732,狗屎味的小仙女。,1030799625,好！！！！！,2018-07-25 17:33,0,5
1197732,dFC651715969,1030793472,我都不记得了,2018-07-25 16:34,0,3.5
1197732,VIf769405816,1030773977,冲着刘诗诗来的 多年的女神啊阮经天也是演技炸裂啊 看的毛骨悚然,2018-07-25 13:47,0,4.5
1197732,杨小怡YXY,1030767495,和朋友一起看的，有点怕怕，不过就是喜欢,2018-07-25 13:45,0,5
1197732,TTO483113209,1030773157,很好，感觉棒棒哒,2018-07-25 13:16,0,5
1197732,谢来禾,1030769455,跌宕起伏 可以看,2018-07-25 12:48,0,5
1197732,最美不是风景,1030769311,好看，刺激，非常精彩,2018-07-25 12:45,0,4
1197732,典娜呀,1030753846,啊忘记看得什么了,2018-07-25 11:51,0,3.5
1197732,音蕊,1030755865,还行吧，，，,2018-07-25 11:04,0,4
1197732,OEh362558607,1030745900,为了阮经天去的,2018-07-25 10:36,0,5
1197732,hvl980610146,1030754699,电影很好看啊,2018-07-25 10:18,0,5
1197732,肖一笑。,1030751784,啦啦啦儿么的,2018-07-25 10:15,0,5
1197732,guX838503396,1030749884,电影很好看，超极棒,2018-07-25 09:22,0,5
1197732,NqO667805212,1030749102,还行吧 环境不是太好,2018-07-25 08:16,0,3
1197732,s000500,1030739295,和电视剧差不多了，还行吧,2018-07-25 00:02,0,5
1197732,eRQ637475060,1030734846,城市之狗属于你,2018-07-24 23:18,0,5
1197732,鲜橙多,1030715541,还行还行，邓超,2018-07-24 21:31,0,4
1197732,精品花艺馆,1030705584,好看的，挺不错,2018-07-24 20:56,0,4
1197732,ting36_44,1030711523,还行吧一般般,2018-07-24 20:36,0,3
1197732,Shi一.,1030711329,嗯嗯挺好的 挺,2018-07-24 20:29,0,5
1197732,dRc800622671,1030706811,很喜欢这种心理的东西,2018-07-24 20:09,0,5
1197732,TBBoA,1030690656,剧情还可以，,2018-07-24 18:34,0,3
1197732,Wot725661039,1030688315,还不错！每年都看！！！！,2018-07-24 17:50,0,5
1197732,Z个个叶Z,1030691563,哇⊙ω⊙为了诗诗一定要看的呀！从12年的步步惊心一直追到现在，她的演技是有目共睹的，期待下次的进步呀,2018-07-24 17:41,0,5
1197732,栴乐,1030685889,为我心目中的木木打call,2018-07-24 17:12,0,3.5
1197732,Gsw676333002,1030683382,一般般的吧。就这样,2018-07-24 16:27,0,5
1197732,鱼儿妹。,1030672875,烧脑的电影。,2018-07-24 16:14,0,2.5
1197732,丶拼凑,1030680638,完美的心理罪,2018-07-24 16:07,0,4.5
1197732,seu997270855,1030590553,"喜欢啊啊啊！邓超和阮经天的眼睛真的很nice，情感也很到位，nice,打call",2018-07-24 16:05,0,4.5
1197732,AtB708751328,1030681056,还可以，后面稍震撼,2018-07-24 15:56,0,3
1197732,lengyu5364,1030673423,好看！ 有意思,2018-07-24 14:53,0,5
1197732,无悔spring,1030662400,没什么感觉，不是我喜欢的类型！,2018-07-24 14:06,0,3.5
1197732,lXP537843740,1030588259,还可以吧。为了邓超去的,2018-07-24 13:11,0,5
1197732,vHO402157839,1030661112,还可以，值得看看,2018-07-24 12:31,0,4
1197732,WDT774048855,1030642553,还不错 啦啦啦,2018-07-24 10:33,0,4
1197732,Xjy141597439,1030642483,一般般 一般般,2018-07-24 10:30,0,3
1197732,伟牛牛,1030638501,很好看，很精彩！,2018-07-24 08:42,0,5
1197732,茗茗2017,1030636757,给老公买的票，他说还不错,2018-07-24 08:41,0,4.5
1197732,Hdi478987024,1030626436,感觉好看，都来看吧,2018-07-24 00:02,0,5
1197732,lihui850910,1030524711,内容深奥，需精心观看,2018-07-23 23:50,0,3.5
1197732,bunny_小艹明,133516705,三个主演的演技很颠覆啊，可以说这部电影刘诗诗演技有很大提升，剧情也好棒，阮经天演技真的炸裂了！,2018-07-23 23:42,0,4
1197732,汤圆盆,1030617000,好看。。。。。。,2018-07-23 22:55,0,5
1197732,Qsj201180652,1030613075,不错的影片，剧情吸引人。,2018-07-23 22:35,0,5
1197732,思思6373,1030597586,想说像我这种人看不懂,2018-07-23 21:17,0,3.5
1197732,柠檬de心情,1030597032,看过了，还可以,2018-07-23 20:41,0,5
1197732,倾慕凉颜、,1030599813,剧情一般。。。,2018-07-23 20:38,0,4
1197732,ipH540641173,1030599366,还可以吧，比较喜欢,2018-07-23 20:25,0,4
1197732,a412207,1030593416,美美哒，美美哒,2018-07-23 19:42,0,5
1197732,PBR1234567890,1030592822,剧情不错，很刺激,2018-07-23 19:37,0,5
1197732,帅哥清晨,1030592460,很好，很不错,2018-07-23 19:25,0,5
1197732,女汉纸2904,1030584548,很好看，真的很好看,2018-07-23 19:00,0,5
1197732,heart兴,1030574722,电影还不错吧。,2018-07-23 18:42,0,4.5
1197732,Mmp154887863,1030580480,还可以 稍有改动，但感觉没有原著好,2018-07-23 18:17,0,4
1197732,qihongliang05,1030570477,感觉很没，剧情有穿透力，是一部好的影片。,2018-07-23 17:42,0,4.5
1197732,Mers毒药,1030566120,好看好看好看,2018-07-23 16:56,0,5
1197732,惜暖阳,1030568489,还OK吧，没想象中的好,2018-07-23 16:44,0,4.5
1197732,DEEP878,1030567932,真心好看，，，,2018-07-23 16:44,0,5
1197732,mAu975020664,1030543771,很好看，值得推荐,2018-07-23 14:10,0,5
1197732,ANU526647070,1030549615,性价比高，挺好看的，很震撼,2018-07-23 13:42,0,5
1197732,杨雅呆,1030457544,阮经天很棒了，冲着他给的分,2018-07-23 13:15,0,4.5
1197732,甜甜woli,1030548289,特别好看推荐,2018-07-23 13:14,0,5
1197732,WJW944057401,1030548046,好看，喜欢超哥,2018-07-23 13:07,0,4.5
1197732,禾苑_,1030544817,剧情略微烧脑，整部剧情节挺不错的，看的人心情很跌宕，推荐。,2018-07-23 13:00,0,4.5
1197732,年年负念念,1030544460,很刺激，很震撼,2018-07-23 12:51,0,4
1197732,dYL569368410,1030544254,不错，很好看的,2018-07-23 12:45,0,5
1197732,秋田还是柴犬,1030536941,真的挺好看的，邓超演的不错👍,2018-07-23 11:59,0,5
1197732,Hgl975954401,1030536313,不错。。。。。。,2018-07-23 11:42,0,5
1197732,小超人，，,1030534210,可以可以可以,2018-07-23 11:24,0,5
1197732,行走的静默,1030531275,买了票却忘记看了,2018-07-23 10:51,0,3
1197732,早晨的太阳_sj,1030518340,看我好自为之西西西西西西公主的故事，你是一,2018-07-23 10:04,0,5
1197732,暖心，暖情,1030516021,好看，好看，超喜欢这种剧,2018-07-23 08:49,0,5
1197732,媛媛驮yj,1030506806,电影一般般，,2018-07-23 00:22,0,3
1197732,Enu472050268,1030504048,很不错 好看的,2018-07-22 23:50,0,4.5
1197732,helloxiefei,1030494005,还行吧，一般般,2018-07-22 23:14,0,3
1197732,CdQ616679651,1030490997,不错，很好看,2018-07-22 22:39,0,5
1197732,pwX704404748,1030478989,看了两遍的电影 喜欢,2018-07-22 21:50,0,5
1197732,wri678229191,1030476153,没有一种类型片，能够迎来倏忽而至的芳华，《心理罪》固然见证了国产犯罪片的力有不逮，但也在力有不逮中，看到了比一部踏实的进步。 类型片的发展，永远是日子有功，这样细碎的进步，是不是像郭京飞饰演的无良律师说的——“这一切毫无意义”？ 当然有意义！ 我赞同以上见解,2018-07-22 21:25,0,4
1197732,星尘158,1030465193,总的来说不错，可能因为电影时长的关系，主线没有都讲清楚，节奏可能偏快,2018-07-22 20:53,0,4
1197732,ZlI276273008,1030462460,不错的不错的不错的不错的不错的不错的,2018-07-22 20:10,0,5
1197732,jUp487492821,1030450194,很不错的一部电影,2018-07-22 19:12,0,4.5
1197732,UcW161432652,1030443376,还不粗 看了太久了 都忘记情节了,2018-07-22 18:41,0,5
1197732,yilina421,1030440963,很好的很好的,2018-07-22 18:34,0,5
1197732,奶青家的,1030426967,特别好看死啦,2018-07-22 18:07,0,5
1197732,放女孩的风筝R,1030429516,阮经天真帅！,2018-07-22 18:05,0,4.5
1197732,橱窗114,1030433025,挺好看的。。。,2018-07-22 17:49,0,4
1197732,jYO617330371,1030419588,挺好的，很感人,2018-07-22 17:19,0,4.5
1197732,王阿达ADA,1030425190,good。。。,2018-07-22 17:15,0,4.5
1197732,乐筱茄,1030418773,为了刘诗诗来看～但其实良心说还是可以的吧,2018-07-22 16:55,0,5
1197732,wlf601237427,1030406019,还可以 邓超演的比较,2018-07-22 16:11,0,4
1197732,lhx19731117,1030397723,精彩！精彩！,2018-07-22 15:13,0,5
1197732,VsT112540413,1030391833,悬疑，刺激，各位演员的演技好到没话说,2018-07-22 14:42,0,5
1197732,DEZ619867486,1030391451,超级好看 超级超级超级好看,2018-07-22 14:33,0,5
1197732,蒙琦琦YY,1030327125,很好哦…..,2018-07-22 14:12,0,4.5
1197732,Pxr315245285,1030375721,咬手指，就狠了,2018-07-22 13:04,0,5
1197732,SkyDawn777,1030372566,无趣又无聊。,2018-07-22 12:41,0,3
1197732,qaq273637481,1030365579,好看，特别推荐,2018-07-22 12:34,0,5
1197732,cbT505436991,1030372139,冲着超哥去看的,2018-07-22 12:33,0,4.5
1197732,lLv551093424,1030360826,好(✪▽✪),2018-07-22 12:24,0,5
1197732,缃倪,1030360779,还可以，推荐,2018-07-22 12:22,0,4.5
1197732,祖宗味儿梨小落,1030360551,认识到了人心和社会的现实,2018-07-22 12:12,0,5
1197732,袁袁妮子,1030360543,还可以，对我来说有点小恐怖,2018-07-22 12:12,0,3
1197732,GDragon0818.,1030366949,好！！！！！！,2018-07-22 12:08,0,5
1197732,陪你吹吹风°,1030360266,非常好看，好看,2018-07-22 11:58,0,5
1197732,wangyingjie64,1030362758,好看，十分满意,2018-07-22 11:44,0,5
1197732,Tbr712870366,1030364010,很好看的哦！！,2018-07-22 11:39,0,5
1197732,iYZ81160965,1030361782,很好看，演技很棒,2018-07-22 11:34,0,5
1197732,Pop694792814,1030355423,好看，邓超，走你,2018-07-22 11:33,0,5
1197732,夏薇凉2030,1030358700,精彩，但是有些部分比较重口味,2018-07-22 11:07,0,4
1197732,阿小铃铛,1030354340,好看，有意义的,2018-07-22 10:20,0,5
1197732,tCg613573827,1030345749,感觉还不错 挺好看的,2018-07-22 10:20,0,4.5
1197732,罗小黑c,1030352209,原著党表示不太能接受,2018-07-22 10:01,0,3
1197732,zhp18018646459,1030347631,影片很好看，环境不错,2018-07-22 09:10,0,5
1197732,OEt679395881,1030347039,看完了已经忘记了，你说评几分,2018-07-22 08:43,0,2.5
1197732,Geinby李,1030341261,不错，挺好看的,2018-07-22 08:34,0,4
1197732,kLb191556561,1030340241,真的挺好看的，,2018-07-22 08:15,0,5
1197732,LPW781835893,1030336871,好的好的好的好的,2018-07-22 01:30,0,4
1197732,白_姁,1030330042,挺好比李那部好,2018-07-21 23:58,0,4.5
1197732,iWT220285317,1030313256,挺好的，喜欢,2018-07-21 23:22,0,5
1197732,影评人小陆,1030316695,电影#心理罪 城市之光#整部电影前半段保持紧张节奏，后半段温情与绝望并存，精彩的打斗让人看的血脉喷张惊心动魄，最后惊喜彩蛋煽情的恰到好处。影片欲扬先抑，非常正能量。喜欢刘诗诗饰演的干练警花米楠，她是方木心中的灯塔和永生花，是全片温暖和光的化身。非常意外这个米楠一点都不刘诗诗。还要夸一句她的台词真的很好听呀。,2018-07-21 23:17,1,4
1197732,HMk616801627,1030307930,挺好的，不错不错,2018-07-21 22:36,0,5
1197732,文少985211,1030297906,好看精彩的电影,2018-07-21 22:33,0,5
1197732,hywaterk,1030303602,好看，邓超演技在线,2018-07-21 22:18,0,5
1197732,筱龙哥G,1030266367,看着不错，很满意,2018-07-21 19:27,0,5
1197732,留个小,1030251618,挺好看的 还不错,2018-07-21 18:27,0,5
1197732,summer言,1030260711,不错不错不错不错不错不错不错不错,2018-07-21 18:27,0,4
1197732,Lim916198992,1030261239,好看好看好看,2018-07-21 18:23,0,5
1197732,ss温柔,1030261033,good...,2018-07-21 18:20,0,4
1197732,cSG714926581,1030246235,阿罗裤楼李俊宇,2018-07-21 17:52,0,4
1197732,ANB837163037,1030247307,不错。。。。。,2018-07-21 17:27,0,5
1197732,tcC704781064,1030241105,还可以，好看的,2018-07-21 16:49,0,5
1197732,wVD207078010,132341560,其实演员演得还不错啦，就是节奏好慢，看得我直想快进，犯罪剧情少，不够精彩,2018-07-21 15:57,0,3
1197732,yhmeng远足,1030227861,一般般吧，还行,2018-07-21 15:50,0,4
1197732,Ibc871149042,1030221576,挺好的，很不错，推荐,2018-07-21 15:01,0,5
1197732,叶花K西,1030216117,可以，还算烧脑，阮经天演的不错,2018-07-21 14:45,0,4.5
1197732,tieyuan1987,1030213403,挺好看的 精彩,2018-07-21 14:33,0,5
1197732,吃吃喝喝,1030117622,还不错，很好啊,2018-07-21 14:15,0,4.5
1197732,_qqz7v1433653272,1030211576,好看好看好看,2018-07-21 13:45,0,4
1197732,hewei173232,1030205399,一般般，不是很好看,2018-07-21 12:54,0,5
1197732,chenjing9682,1030203756,整个故事情节构思挺好，能够抓住观众的心，人物内心描写表现也很好,2018-07-21 12:46,0,4
1197732,zIQ246624200,1030192671,还不错，故事情节太复杂，,2018-07-21 12:34,0,3.5
1197732,erfan哟,1030201456,自己本身很喜欢邓超，听悬疑。,2018-07-21 12:34,0,4.5
1197732,IAu428896502,1030201364,看完就不知道是什么电影了。,2018-07-21 12:32,0,4
1197732,RfC497396184,1030195097,不错不错不错,2018-07-21 11:44,0,5
1197732,颜小妞妞妞妞妞,1030182717,好看 邓超和阮经天演技在线,2018-07-21 11:42,0,4.5
1197732,Ypa582200771,1030187926,好看好看，和小说中略有改动，把小说中人物演绎的淋漓尽致，不错的电影,2018-07-21 11:25,0,5
1197732,影波1234,1030187746,挺好看的 推荐看,2018-07-21 11:21,0,4
1197732,梵音glaxy,1030178254,好喜欢这个啊,2018-07-21 10:37,0,5
1197732,badluckpj,1030177294,不错不错 好看哟,2018-07-21 09:43,0,5
1197732,高闫笑,1030059956,带孩子去看的，孩子说还行。,2018-07-21 09:20,0,4.5
1197732,九然1998,1030169011,好看 好好哈哈哈,2018-07-21 06:34,0,5
1197732,Shane_C,1030168317,给方木老师点个赞，即使剧情经不起推敲。,2018-07-21 04:06,0,3
1197732,My旅行者,1030158807,失眠无聊来逛一圈,2018-07-21 03:42,0,5
1197732,人心凉凉,1030158626,太好看了，更开心,2018-07-21 02:00,0,5
1197732,hYA768819072,1030158104,还不错，剧情还可以,2018-07-21 00:50,0,4.5
1197732,epf221774661,1030150634,一部很不错的电影,2018-07-21 00:20,0,5
1197732,Vdu882606962,1030150196,好看， 特别好看,2018-07-20 23:57,0,5
1197732,leA880276157,1030135002,还好吧 我尊重原著尊重演员,2018-07-20 22:36,0,3
1197732,eZD258091286,1030113820,比想象的要好,2018-07-20 21:18,0,5
1197732,断了翅膀的蝶,1030103623,好看，就是大晚上看，回去有点小害怕,2018-07-20 20:56,0,5
1197732,bQY952395602,1030103578,很好，很好，很好,2018-07-20 20:53,0,5
1197732,咕噜丫i,1030096380,一直等这个电影…所以超喜欢,2018-07-20 19:54,0,5
1197732,九磅十五便士1995,1030096163,还好，挺惊心动魄的,2018-07-20 19:42,0,4.5
1197732,BoH13944213280,1030091275,还好，不错吧,2018-07-20 18:41,0,4
1197732,在漂泊的田野,1030076549,还好，只能说不够悬疑！,2018-07-20 18:01,0,4
1197732,V哦啊艺,1030070569,觉得结局要是写得更完美就好了,2018-07-20 16:40,0,4
1197732,夜色的天空501,1030058400,可以去看看！,2018-07-20 16:12,0,4
1197732,淡淡的歌。,1030054475,感觉老邓头不适合这类型电影，不过演技还是很不错的。。,2018-07-20 15:36,0,4.5
1197732,Qiu邱庆,1030047140,学霸的电影很👍,2018-07-20 14:01,0,5
1197732,涵涵的迷子,1030041402,感人，？，？，？，？,2018-07-20 13:16,0,5
1197732,BBl57762152,1030039955,非常不错的电影,2018-07-20 13:04,0,5
1197732,bZg346834877,1030039712,很久之前看的，现在才来评价，一个人去看的，感觉还不错吧！我是很期待的，看了后也不是很失望，跟预期差不多,2018-07-20 12:58,0,5
1197732,qian4591,1030020460,不错，这部电影还有第二部吗,2018-07-20 11:37,0,5
1197732,香香zml,1030025845,时间太久，忘记了😣,2018-07-20 11:31,0,4
1197732,二十七西决,1030024170,不错的片子！,2018-07-20 11:11,0,4.5
1197732,aSX189834937,1030010370,邓超个阮经天演技很好，剧情跟原著比起来差太多，逻辑混乱不严谨，该紧张的一笔带过。唉，失望,2018-07-20 09:36,0,1
1197732,pvB88470550,1030007715,虽然邓超总是让我出戏，总体来说哈哈不错,2018-07-20 08:49,0,5
1197732,ygk147001710,1029998974,还好吧一般一般,2018-07-20 00:19,0,3.5
1197732,Yanfeifei1987,1029983333,挺正能量的电影，还不错,2018-07-19 22:57,0,5
1197732,NIIINE,1029978273,比想像的好看,2018-07-19 21:27,0,3.5
1197732,莫比乌斯,1029974758,还行吧，能看,2018-07-19 21:09,0,3.5
1197732,殇墨恋,1029968316,好看，，，，，,2018-07-19 19:45,0,5
1197732,cm陈桉,1029964264,很好很好很好很好很好的一部电影,2018-07-19 19:40,0,4.5
1197732,YyU279416479,1029960522,超哥的演技没毛病,2018-07-19 19:37,0,5
1197732,咯咯哒994,1029966482,好看 期待下一部,2018-07-19 19:22,0,5
1197732,WyV503606836,1029953915,好看，挺激动的,2018-07-19 18:53,0,4.5
1197732,cq442689785,1029962462,！！！！！！ ！！,2018-07-19 18:51,0,4
1197732,Jan水瓶,1029959376,好久了还写什么,2018-07-19 18:19,0,5
1197732,YXC1313,1029954101,孩子们喜欢看！,2018-07-19 18:16,0,4
1197732,egx972998989,1029941607,挺好看的！！,2018-07-19 16:38,0,5
1197732,liu863992336,1029937045,好看，，，，,2018-07-19 15:43,0,5
1197732,许琪,1029928978,好看好看😍,2018-07-19 15:36,0,5
1197732,ISK477889025,1029938955,总感觉有点儿缺少逻辑性,2018-07-19 15:34,0,3.5
1197732,dGt758614221,1029939397,好看好看好看,2018-07-19 15:23,0,5
1197732,iwsxiaokuikui,1029938116,很刺激很好看,2018-07-19 15:06,0,5
1197732,梦雪夏之凉123,1029928236,还不错呢，非常喜欢。,2018-07-19 14:36,0,5
1197732,妍细小可爱,1029935189,感觉一般般啦,2018-07-19 14:33,0,3
1197732,WZT945072768,1029932865,太好了，太棒了,2018-07-19 14:27,0,4.5
1197732,AHR862798823,1029921270,一般都是这样,2018-07-19 13:38,0,2.5
1197732,xx1770749248,1029913850,好看极了，非常好看,2018-07-19 12:57,0,5
1197732,小li198123,1029917680,很好看，很喜欢邓超,2018-07-19 12:36,0,5
1197732,琰baby,1029916817,还可以 哈哈哈哈,2018-07-19 12:15,0,4
1197732,琅琊山女壮士,1029915329,好看好看好看,2018-07-19 12:01,0,5
1197732,hos492239659,1029916045,挺好看 刺激 过瘾 棒,2018-07-19 11:56,0,5
1197732,ArI602015853,1029904800,好看！！！！,2018-07-19 11:56,0,5
1197732,CUX764780384,1029907701,没看太懂，没意思,2018-07-19 11:52,0,5
1197732,一叶之界,1029912036,挺好看哒，邓超特别厉害,2018-07-19 11:28,0,4
1197732,Sou591853892,1029904370,买了票，没来得及去看,2018-07-19 11:27,0,5
1197732,幻影上的卯月净土,1029909850,还可以，感觉,2018-07-19 11:23,0,3.5
1197732,XOq805075354,1029908038,超级超级好看,2018-07-19 10:49,0,5
1197732,Faith小爱,1029902770,简直是好看级了,2018-07-19 09:45,0,5
1197732,曲靖悦巢,1029898024,不错，中国电影进步超大，的确值得去看看。,2018-07-19 08:46,0,5
1197732,xDj308461116,1029891963,很符合原著。,2018-07-19 08:39,0,4
1197732,zFu958357248,1029895987,还行吧，看着睡着,2018-07-19 07:11,0,3
1197732,李美萱124,1029896594,喜欢邓超和刘诗诗,2018-07-19 05:55,0,5
1197732,小希爱吃肉～,1029893799,第一次看这种类型得电影 比较震撼,2018-07-19 01:30,0,5
1197732,若茗姑娘,1029892701,挺好，耐看，看吧,2018-07-19 01:09,0,4
1197732,Aad590163818,133084535,还可以。。。。,2018-07-18 22:42,0,5
1197732,微凉小熙,1029864276,挺好的，很喜欢,2018-07-18 21:16,0,5
1197732,_qqf621348460132,1029850702,很感人，，，，，,2018-07-18 19:34,0,5
1197732,sjo627987022,1029850474,特别好，特别好,2018-07-18 19:27,0,5
1197732,好名字都被牛吃了,1029846418,可以看，看完就忘，既不感动又不震撼,2018-07-18 19:00,0,3.5
1197732,gjm19930305,1029843983,剧情有些拖沓，但其宗旨值得每一个人深思。,2018-07-18 18:46,0,4.5
1197732,特别能吃x……,1029842388,去见你想见的人吧。趁阳光正好，趁微风不噪，趁繁花还未开至荼蘼，趁现在还年轻，还可以走很长很长的路，还能诉说很深很深的思念，趁世界还不那么拥挤，趁飞机还没有起飞，趁现在自己的双手还能拥抱彼此，趁我们还有呼吸。,2018-07-18 18:31,0,5
1197732,宇霸霸的小可爱,1029834825,很好看，把我吓坏了,2018-07-18 18:24,0,4.5
1197732,Couples亭,1029842119,还不错哦，值得推荐,2018-07-18 18:24,0,5
1197732,Queena1220yue,1029733889,由于临时有事看不了就送给朋友看了，后来自己又去看了,2018-07-18 18:18,0,4
1197732,VXE650325427,1029836577,好看！！！！,2018-07-18 17:44,0,5
1197732,bTD996920977,1029832390,很好看，很精彩,2018-07-18 17:12,0,5
1197732,隐于尘埃,1029829928,给同事定的。反馈说不错。很划算，故事也很好。,2018-07-18 17:00,0,4.5
1197732,liyuan7879,1029817584,不错，剧情紧凑，很喜欢,2018-07-18 16:07,0,4.5
1197732,kjF922748471,1029817325,好看好看好看,2018-07-18 15:50,0,4.5
1197732,阿薩姆小神童,1029810629,一般般吧 服务态度不好,2018-07-18 13:40,0,3
1197732,sti352702113,1029799323,感觉邓超的演技又提升了,2018-07-18 13:06,0,4
1197732,qMg294872004,1029805148,比较刺激，节奏感挺强,2018-07-18 12:56,0,3.5
1197732,MFu292004422,1029797216,好看。。。。,2018-07-18 12:07,0,5
1197732,撞墙数星星,1029797047,还好还好还好,2018-07-18 12:03,0,5
1197732,CeJ513312037,1029794850,喜欢邓超 伐木累,2018-07-18 11:57,0,4.5
1197732,毛毛猪009,1029793010,还行吧。。。。。,2018-07-18 11:36,0,3.5
1197732,婷婷么西哒,1029791424,非常喜欢阮经天 大爱他 虽然我现在才过来进行影评 不过想说这部影片还是不错的 最终还是突出体现了爱的力量 邓爷也非常有演技的 总之 会继续支持你们两个的,2018-07-18 11:22,0,5
1197732,我滴妈呀！！,1029780642,好很好 的码刚好,2018-07-18 11:03,0,3
1197732,微笑无处不在,1029675918,还行吧，冲着邓超刘诗诗去的，,2018-07-18 10:54,0,5
1197732,YGu334805074,1029783381,我和媳妇都很喜欢看，推荐,2018-07-18 09:55,0,5
1197732,我喜欢这样看世界,1029771977,阮经天和邓超演技好评！！！郭京飞总能让我跳到暗黑者 😂,2018-07-18 09:54,0,5
1197732,MrC89128941,1029774775,还可以吧，挺好的,2018-07-18 09:51,0,4.5
1197732,倒霉熊1215,1029775528,还行吧还不错,2018-07-18 09:36,0,4
1197732,寒江独钓365,1029776843,还好。。。。。,2018-07-18 08:18,0,4
1197732,小胖子的大长腿,1029776028,感觉看了一场恐怖片,2018-07-18 06:41,0,5
1197732,qi657213869,1029739992,还行吧！故意节奏一般,2018-07-17 21:16,0,4
1197732,LHD胖子,1029730414,还行吧，不是想想的那么好,2018-07-17 20:49,0,4
1197732,AWD322997811,1029730260,特别喜欢😍,2018-07-17 20:37,0,5
1197732,DaU905246832,1029727520,孩子去看的，回来跟我说很好。,2018-07-17 19:36,0,5
1197732,dJl433984794,1029725561,很完美，很好看,2018-07-17 19:10,0,5
1197732,EBN540548059,1029718313,超级好看，超哥演技很棒，最后廖一帆死了不开心，超级不开心，所以扣一分，一样社会上不要出现有反派这种心里极端的人出现，唉太可怕了,2018-07-17 18:12,0,4.5
1197732,lurkerfai,1029702268,好看，推理情节吸引人,2018-07-17 16:09,0,4.5
1197732,Boss杨大大,1029697910,喜欢，感觉气氛很OK,2018-07-17 15:59,0,5
1197732,YSZ19990503,1029693244,关键是要看和谁看电影！,2018-07-17 15:37,0,5
1197732,bkP723209282,1029689795,一般，结局令人无语！,2018-07-17 14:54,0,3.5
1197732,Wang.c.y.,1029682697,有丢丢可怕，激烈,2018-07-17 14:43,0,4
1197732,OWk669995800,1029676731,还是不错的，很好看，和宿舍人一起看的,2018-07-17 13:37,0,5
1197732,myKINGs1,1029595462,很喜欢这种心理博弈的犯罪片。演的也很好，我很喜欢,2018-07-17 13:27,0,5
1197732,Z。702,1029676570,特别喜欢心理罪，这部电影不错,2018-07-17 13:25,0,5
1197732,淼淼lgq,1029674526,邓超演技不错，挺好的,2018-07-17 13:15,0,5
1197732,WPi490037557,1029680536,好看很好看，,2018-07-17 13:04,0,5
1197732,缺水water,1029679097,阮经天演技有点出乎我意料,2018-07-17 12:32,0,3.5
1197732,偌偌NT,1029664843,蛮好看的！！,2018-07-17 12:30,0,5
1197732,李庆准,1029673577,爱邓超，没理由,2018-07-17 12:20,0,5
1197732,hVp969882579,1029666074,超哥那一段咬断手指的好恶心，阮经天演技很OK,2018-07-17 11:51,0,4.5
1197732,an20070523lq,1029669067,好的好的好的,2018-07-17 11:35,0,4.5
1197732,翅惑家族,1029662895,看着是可以的，邓超演技方面还是值得肯定的,2018-07-17 11:07,0,4
1197732,青原145,132359004,真正的演技炸裂，年度最好国产犯罪片。,2018-07-17 10:16,0,4.5
1197732,ICw503804511,1029641032,挺好看的，。，,2018-07-17 00:55,0,5
1197732,ooh292152650,1029644264,出乎意料，刺激,2018-07-17 00:52,0,5
1197732,hey11337799,1029633355,刺激好看精彩,2018-07-17 00:00,0,5
1197732,LLPTKK,1029616279,不错，跟女儿看的很投入,2018-07-16 22:17,0,5
1197732,悦天择乐,1029620905,好。。。。。。。,2018-07-16 22:11,0,5
1197732,wujun0000,1029617899,还可以，过得去,2018-07-16 22:06,0,3.5
1197732,tqL736753369,1029608894,还行就是这样的,2018-07-16 22:03,0,3.5
1197732,IRB508761116,1029604137,帮别人买的，说的还不错。,2018-07-16 20:25,0,5
1197732,与永恒拔河0225,1029599329,这片子一般般吧，不是大片，但是还值得一看吧。,2018-07-16 20:05,0,5
1197732,风度咖,1029594913,好哈哈哈哈好,2018-07-16 19:29,0,5
1197732,Uce651598828,1029582965,还好还好还好,2018-07-16 19:20,0,5
1197732,喵喵喵！！…,1029586628,真的非常好看,2018-07-16 18:37,0,5
1197732,很久以前ci,1029578320,很nice的一部电影，超哥很棒,2018-07-16 17:46,0,5
1197732,yQg367526671,1029567340,好看，值得推荐,2018-07-16 17:13,0,5
1197732,wynVSfjl,1029572589,感觉还行，不负所望,2018-07-16 17:10,0,5
1197732,是飒飒呢,1029560485,情节挺紧凑的，小天演出了精髓，超哥也是演什么像什么，挺好的,2018-07-16 16:29,0,3
1197732,百会百汇,1029467572,很喜欢看这个电影,2018-07-16 16:06,0,4
1197732,菇娘菇凉,1029562082,个人觉得还可以,2018-07-16 15:50,0,4
1197732,die1227,1029548781,味道真的不错，朋友都喜欢吃。今天还是比较幸运的，去了没有排队，坐下之后人瞬间好多。不过感觉涮菜吃的时候有点咸了，不过量绝对是够的,2018-07-16 14:20,0,5
1197732,KfU636526799,1029546701,每个人都可以成为城市之光，关键在于你的做法是否得当,2018-07-16 13:50,0,4
1197732,Jrp1017,1029540796,很有意思的电影,2018-07-16 13:27,0,5
1197732,WXo220985511,1029533235,阮经天演技爆了,2018-07-16 13:04,0,5
1197732,依月wmy,1029539424,挺好看的 ！ ！,2018-07-16 12:56,0,3.5
1197732,清水浮萍680,1029524443,挺好的电影啊,2018-07-16 12:15,0,4.5
1197732,蒋南森！,1029527098,刚及格吧 这个及格给阮经天的演技 给结尾人民警察的彩蛋 没了,2018-07-16 12:07,0,3
1197732,伟来675,1029531058,还可以，好电影,2018-07-16 12:03,0,4
1197732,Mary000918,1029529648,就是有点吓人，毕竟一个人看,2018-07-16 11:54,0,5
1197732,wKw826814310,1029529183,挺好看的，喜欢,2018-07-16 11:44,0,5
1197732,比格沃斯的猫,1029521220,比电视剧差远了,2018-07-16 11:16,0,2.5
1197732,hybhlb,1029518045,剧情还不错呀,2018-07-16 11:02,0,4
1197732,oai100822018,1029519127,亏黄丽婷哦以后,2018-07-16 10:45,0,3
1197732,yTW645083991,1029510423,感觉挺不错的，看到的不一定是真是的,2018-07-16 10:14,0,5
1197732,鑫乙丶,1029487303,还挺不错！！！,2018-07-16 00:02,0,4
1197732,小小班～啊飘,1029484110,个人比较喜欢,2018-07-15 23:43,0,5
1197732,AAC461888516,1029476851,推荐看看，不错,2018-07-15 23:38,0,5
1197732,aaaaa阿珊,1029472400,不错的 喜欢小天坏人的饰演啊 突破自己,2018-07-15 22:32,0,3.5
1197732,NVU928513265,1029454642,还可以 剧情反转较大,2018-07-15 21:40,0,4
1197732,拜托，你很弱哎！,1029327894,被江亚迷住了,2018-07-15 20:42,0,4.5
1197732,天蝎VS敏,1029407568,拍的不错，就是看着有点小恐怖,2018-07-15 18:17,0,5
1197732,唯依有个神龙阿范,1029407486,好看还行吧！,2018-07-15 18:17,0,4.5
1197732,五連絕世,1029407316,好看。。。。,2018-07-15 18:14,0,5
1197732,boymmy,1029384318,给老乡一点支持,2018-07-15 17:18,0,4
1197732,FatManOfBB,1029383800,感觉还可以吧,2018-07-15 17:06,0,4.5
1197732,smile漓爱,1029383465,挺好看的，支持,2018-07-15 17:01,0,5
1197732,影l1226,1029378061,太久了、忘了,2018-07-15 16:51,0,2.5
1197732,忆花※,1029371748,看着挺不错的,2018-07-15 16:14,0,4
1197732,Mvj821137503,1029369449,非常好看，而且看的我害怕,2018-07-15 16:05,0,5
1197732,swf193558868,1029360256,真的很不错哦,2018-07-15 15:44,0,5
1197732,猪猪宝贝328328,1029350781,不错，有点烧脑，又揭露人性,2018-07-15 14:38,0,3
1197732,独自等待80412,1029353092,一切都非常好,2018-07-15 14:38,0,5
1197732,红尘纷扰红颜456,1029342515,应该也是帮别人买的，无法评价。。。,2018-07-15 13:52,0,5
1197732,小屁孩320,1029265389,挺好看的，，，，,2018-07-15 13:43,0,4
1197732,vLf982357793,1029329690,反正我就觉得垃圾电影没得说,2018-07-15 13:25,0,2
1197732,vSO266173771,1029330768,好看。没话说，就两个字好看,2018-07-15 12:51,0,5
1197732,DEF254442369,1029315839,挺好的。。。,2018-07-15 12:38,0,4.5
1197732,obP314913003,1029316883,很好，邓超演的太棒了,2018-07-15 12:04,0,5
1197732,顾奕520,1029316707,反正去看了，,2018-07-15 12:01,0,4.5
1197732,_qq42w1433639578,1029313744,支持超哥 加油 没毛病,2018-07-15 11:46,0,3.5
1197732,RTo866660228,1029303986,感觉剧情一般，但是小天的演技可以。,2018-07-15 11:41,0,3
1197732,姜筱暖,1029299044,自己去的，剧情跌宕起伏，有一点点悬疑,2018-07-15 09:54,0,5
1197732,几木米,1029298096,还不错吧，邓超的表演的很到位,2018-07-15 09:32,0,4
1197732,尚琪小轩,1029285287,不错不错不错不错不错,2018-07-15 08:12,0,3.5
1197732,Ung446470908,1029283615,很不错呢。。。,2018-07-15 04:56,0,4
1197732,乐观生活872,1029276130,故事情节不错，演员演技好,2018-07-15 00:57,0,4
1197732,海哥的天下,1029274352,很棒，超哥适合,2018-07-15 00:44,0,5
1197732,kCt526668362,1029269690,好看。。。。,2018-07-15 00:25,0,5
1197732,hvd780269234,1029264239,看了很有感触,2018-07-15 00:01,0,5
1197732,嘿嘿,1029259635,情节挺感人的，故事情节紧凑，意料之外但又在情理之中，总之邓超的演技还是很好的，喜欢刘诗诗,2018-07-14 23:44,0,4
1197732,jll108103287,1029220772,不错的，可以,2018-07-14 22:01,0,4.5
1197732,那年夏的馒头,1029229365,一般吧,2018-07-14 22:01,0,3
1197732,Bju242457929,1029208560,喜欢这类电影,2018-07-14 20:52,0,4.5
1197732,面向大海的人9,1029200182,一般，想睡觉了,2018-07-14 20:15,0,3.5
1197732,KingoSyusuke,1029198075,不错👍👍👍👍,2018-07-14 20:09,0,5
1197732,人生苦短放手去买,1029183963,(●'◡'●)ﾉ❤敲好看,2018-07-14 19:58,0,5
1197732,tbe858725948,1029183231,好看有内涵惊悚,2018-07-14 19:33,0,5
1197732,走吧399,1029185480,挺喜欢吃的，很好吃，还会来的。,2018-07-14 19:16,0,4
1197732,贯彻快乐丶,1029147293,不多说，小女孩死的时候，哭了。撕心裂肺,2018-07-14 17:10,0,4.5
1197732,颠勺男神李进宝,1029149784,一般般吧 改了太多 少了味道,2018-07-14 17:07,0,3.5
1197732,校服到婚纱HL,1029138171,还不错，演技炸裂,2018-07-14 16:39,0,4.5
1197732,HSr848030274,1029139633,不错不错不错,2018-07-14 16:28,0,5
1197732,云薏品,1029130651,一般一般，无功无过,2018-07-14 16:00,0,3
1197732,pyO844566937,1029131186,电影不错超好看。,2018-07-14 15:55,0,5
1197732,沐夏兮,1029117312,很好看，可以看看,2018-07-14 15:23,0,5
1197732,曹新,1029122400,一般不值得看,2018-07-14 15:23,0,2.5
1197732,MTi249940399,1029113959,好看的好看的,2018-07-14 15:23,0,5
1197732,BXo302913690,1029116961,看了小说，然后就非常期待电影上映，还是有一点小失望，与我期待的方木有点差距，诗诗的角色少了一一点女主经过磨难后的感觉，光亚的存在但还是很意外，在光亚背后的女人戏份都太少，突不出人物的性格。,2018-07-14 15:01,0,3.5
1197732,SUB75659771,1029113198,一般般吧。。,2018-07-14 14:53,0,3
1197732,L524819,1029105239,没那么可怕，故事情节感觉扣的不是很好,2018-07-14 14:12,0,3
1197732,Mayday蹄,1029100476,我是很喜欢心理罪系列的,2018-07-14 13:19,0,4
1197732,Dear绝恋,1029100247,很好看哦，棒棒,2018-07-14 13:14,0,5
1197732,真由里星白,1029099021,喜欢暖今天啊,2018-07-14 13:07,0,3.5
1197732,DwV170072974,1029096863,整体还不错额,2018-07-14 13:05,0,5
1197732,小娜跎,1029089392,好看真好看好好好,2018-07-14 12:53,0,4.5
1197732,琴瑟琵琶80619,1029093728,不错，挺好看的,2018-07-14 12:50,0,4.5
1197732,Yiq80565315,1029092883,总体还算可以,2018-07-14 12:49,0,4
1197732,y...........y,1029091942,值得一看哈哈哈,2018-07-14 12:37,0,4
1197732,CY阳小婷,1029090186,好看的不要不要的,2018-07-14 12:23,0,4.5
1197732,lYj783775333,1029074450,影片我觉得还是很可以的，我是和我同学一块来看的，感觉和男朋友一块来看更好。影片还是很可以的，我还是比较喜欢的。,2018-07-14 11:38,0,4
1197732,UMj723316027,1029075048,喜欢邓超，实力派演员，就是感觉太短了。,2018-07-14 11:08,0,5
1197732,austin0824,1029071827,这部不错，比李易峰那部好。美中不足的是反派出来的太轻松了，逻辑推理根本没有用到，一开始情绪调动的这么高，悬疑。结果凶手自己出来了,2018-07-14 11:04,0,4
1197732,VOg585141426,1029067324,真的很好看 值得看,2018-07-14 10:26,0,5
1197732,ld081228,1029064442,悬疑片 还不错啊,2018-07-14 10:08,0,4
1197732,pja480148527,1029059969,是我喜欢的类型，邓超的演技怎么会不好呢,2018-07-14 09:52,0,5
1197732,王淼雨淼,1029060148,还可以 和同事去的,2018-07-14 09:33,0,4
1197732,元小黑,1029053397,为了看刘诗诗来的，演技好评,2018-07-14 09:31,0,3.5
1197732,IWz532106813,1029029591,电影不错，就是燕郊中影国际不给冷气，想蒸桑拿的来吧,2018-07-14 00:43,0,3
1197732,维咪尼咪,1029017937,还好一般还可以,2018-07-13 23:58,0,3
1197732,ZvS268534968,1029016171,今年看的最烂的电影，故事漏洞百出，人物也奇怪，很说悬念恨不得台词全说出来，中途想离场。,2018-07-13 23:48,0,0.5
1197732,aWZ693408016,1028979851,赞，紫薯布丁,2018-07-13 22:43,0,5
1197732,一个骄傲的小公举,1028979802,喜欢超哥，阮经天的演技炸了，特别棒,2018-07-13 22:42,0,4.5
1197732,hNE769644856,1028886560,这部电影看着比较恐怖😱,2018-07-13 22:07,0,4
1197732,钱庄上品,1028943304,嗯！好看，还不错,2018-07-13 20:24,0,5
1197732,KLo490658816,1028941823,就是好看。。。。,2018-07-13 20:18,0,5
1197732,BWt129412427,1028939068,节奏有点问题,2018-07-13 20:06,0,4
1197732,jJf224080566,1028935826,好看(｡･ω･｡)ﾉ♡，喜欢诗诗,2018-07-13 20:02,0,5
1197732,静待路上的时光,1028932491,非常赞！很好看,2018-07-13 19:43,0,5
1197732,poD311131891,1028922303,邓超太棒了。,2018-07-13 18:56,0,5
1197732,vNp176932105,1028912082,还阔以吧嗯嗯嗯,2018-07-13 18:32,0,5
1197732,那片海6023,1028916340,有点太过渲染惊慌的气份了，应该多一些悬疑,2018-07-13 18:29,0,4
1197732,BlueSF,1028910114,电影还不错，值得去电影院看看。,2018-07-13 18:10,0,4
1197732,拽你bra～,1028908315,很烧脑，不错的片子,2018-07-13 17:59,0,5
1197732,pJp167013416,1028904896,其实挺好看的，需要思考。有这么一丁点的恐怖。,2018-07-13 17:54,0,4.5
1197732,fjj19990430,1028896636,挺好看的 邓超刘诗诗演的 和室友一起看的 挺好的价格便宜,2018-07-13 17:45,0,5
1197732,【荷包蛋】,1028897398,非常好，很刺激,2018-07-13 17:44,0,5
1197732,上官菲儿210727,1028890538,真的很好看，邓超的演技真的是很棒，故事情节也好，很多场景猜不到，很值得看的电影,2018-07-13 17:17,0,5
1197732,Hbk402519285,1028884806,不怎样，看过书的还是不要看电影。比较失望，人物形象也一般般,2018-07-13 16:35,0,2.5
1197732,Opg821643145,1028881911,很好看 小天的演技大赞,2018-07-13 16:22,0,5
1197732,yayalto,1028863926,国产片的高分片,2018-07-13 15:54,0,5
1197732,biubiu大宝贝,1028870670,还挺好的！！！,2018-07-13 15:30,0,4
1197732,UFW6161135,1028871266,好看的好看的,2018-07-13 15:25,0,5
1197732,clr454319727,1028859838,虽然喜欢阮经天，但这造型。。。。好吧，还是不会掉粉的，嘿嘿,2018-07-13 14:42,0,5
1197732,uCG619286463,1028855804,电影情节刻画比较深刻，演员表演到位,2018-07-13 14:21,0,4
1197732,WDKM9,1028855398,有超哥超棒嘻嘻,2018-07-13 14:14,0,5
1197732,foL190772264,1028843348,好看好看好看好看好看好看好看好看好看好看好看好看好看好看好看好看好看好看好看好看好看好看好看好看好看好看好看好看好看好看好看,2018-07-13 13:28,0,5
1197732,欧阳少恭545,1028847145,很不错，很久没看到这样的演技了，超哥6666,2018-07-13 13:25,0,5
1197732,滋澜池里没有鱼,1028834870,很好，。。。。。,2018-07-13 13:08,0,4
1197732,小沫周沫,1028834506,很不错的一部电影,2018-07-13 12:52,0,5
1197732,墨羽昃,1028822410,好看！虽然有点改动，原著党还是可以接受的,2018-07-13 11:46,0,5
1197732,末末,1028825920,老方木 哈哈哈 明明演方木的都是年轻人,2018-07-13 11:36,0,4.5
1197732,vbD823121400,1028819470,好看。。。。。,2018-07-13 11:26,0,5
1197732,世纪末的兔子,1028825157,只能说是导演没拍好,2018-07-13 11:19,0,3
1197732,独孤行者LYM,1028820971,没啥感觉。😌,2018-07-13 11:15,0,2.5
1197732,Omt160234213,1028807314,影城很不错，没有想到一个社区影院这么好呐,2018-07-13 10:01,0,5
1197732,林小义,1028812224,这部片子的深度确实是不错的，被舆论挟持的“正义”，不过是大众的暴行。,2018-07-13 09:41,0,4
1197732,吕嗣鑫,1028804908,去年看的，现在才来写评语，忘了,2018-07-13 08:52,0,4
1197732,Sunme_,1028800354,不说了，闹心,2018-07-13 07:16,0,2.5
1197732,冷艳妆,1028794552,好。。。。。。。,2018-07-13 02:52,0,5
1197732,mreey人,1028796049,邓超作品必属精品,2018-07-13 02:20,0,4.5
1197732,nIE107235844,1028769904,好看(｡･ω･｡)ﾉ♡,2018-07-12 22:45,0,4
1197732,hjk011994,1028694066,哈哈哈呵呵呵哈哈,2018-07-12 21:33,0,5
1197732,思念解脱,1028752687,很不错的电影，邓超演技杠杠的。,2018-07-12 21:29,0,5
1197732,bb双哦,1028749936,冲着邓超去看的，比想象中的要好很多，点赞,2018-07-12 21:22,0,3.5
1197732,菇凉我叫维多利亚,1028729144,说实话，的确被阮经天惊艳了,2018-07-12 19:20,0,4
1197732,元气少女Victoria,133947687,《心理罪之城市之光》真的值得一看！超哥的演技真的深入人心，用这样的电影结束2017，真的没什么遗憾。原本定档国庆的电影被推迟到了12.22，差一点就因为时间关系错过，但是还好在年末看到了这样五星好评的电影！,2018-07-12 19:03,0,4.5
1197732,GXz534874295,1028725151,原著的还原度让我不得不承认这部片子 满分！ 虽然把我的小哥哥吓坏了 😂 但是他下次一定还会陪我看的,2018-07-12 18:49,0,5
1197732,siX893875310,1028704601,这部电影还不错，挺好看的，结尾令人猜不出,2018-07-12 17:02,0,5
1197732,gdD856422484,1028704498,好看的不得了啊,2018-07-12 17:00,0,5
1197732,深愛是场谋杀,1028703734,挺好的 下次还去,2018-07-12 16:52,0,5
1197732,SCW506871511,1028703347,金典还可以哦,2018-07-12 16:44,0,5
1197732,wanghongshuaia,1028690771,好久之前看的了！没有很深刻的印象了！,2018-07-12 16:31,0,3.5
1197732,PPK325294547,1028695541,帅气 演技爆炸,2018-07-12 16:02,0,5
1197732,狗带宝宝,1028684084,剧情很生硬，没有烈火灼心好看,2018-07-12 15:02,0,3
1197732,鄭逸凱,1028676328,好難看真的真的,2018-07-12 13:25,0,0.5
1197732,wWS581827646,1028663520,爆炸的时候五毛特效,2018-07-12 13:03,0,2
1197732,HsilenceH,1028655503,很不错的电影,2018-07-12 12:10,0,5
1197732,TJ大栋栋,1028656867,很不错的！！！ 喜欢男主角 演的超好,2018-07-12 11:39,0,5
1197732,我还有许多路,1028643257,你在哪里上班💼,2018-07-12 08:32,0,5
1197732,请叫我小包总,1028640123,感觉还不错。,2018-07-12 07:17,0,3.5
1197732,zhanghui912,1028562346,好看得不得了,2018-07-12 06:59,0,5
1197732,tiD966848749,1028637518,个人喜欢这类电影。不错,2018-07-12 04:33,0,5
1197732,柠萌。。。。,1028622142,血腥。。。。,2018-07-11 23:45,0,3.5
1197732,二爷恋上兴琪,1028614286,好看！！！！,2018-07-11 23:08,0,4.5
1197732,ahE589526658,1028611577,很棒，很喜欢,2018-07-11 22:49,0,5
1197732,橄榄绿862,1028603362,奈斯弟弟好看,2018-07-11 22:28,0,4.5
1197732,许嵩家的喵喵,1028591213,很好看的电影,2018-07-11 21:57,0,5
1197732,杨盈513,1028494250,还是有模仿痕迹,2018-07-11 19:24,0,4
1197732,XiaoWangSuperb,1028560802,很好看，女神主演的电影,2018-07-11 18:50,0,5
1197732,易尘不变,1028549893,很棒！！！！,2018-07-11 18:44,0,5
1197732,chailing0310,1028549366,很棒，多年前的一部电影，才想评价，哈哈,2018-07-11 18:19,0,5
1197732,Stuuge。,1028549282,剧情跌宕起伏 有看点,2018-07-11 18:15,0,4.5
1197732,残城～断梦,1028554575,挺好的，值得看,2018-07-11 18:14,0,5
1197732,茴菿原點,1028554423,喜欢雷米的小说，邓超的演技,2018-07-11 18:11,0,5
1197732,Lan_藍,1028551195,好看好看好看,2018-07-11 18:11,0,5
1197732,ZyE966346750,1028472416,冲着小姐姐去的，但是时间太短了，有点期待值过高,2018-07-11 18:07,0,3
1197732,猪猪猪瑶,1028549023,好看 强烈推荐！！！,2018-07-11 18:03,0,5
1197732,一只黑仙女,1028542745,好看，剧情吸引人，演员演技在线,2018-07-11 17:52,0,5
1197732,jTR127279121,1028552227,一个人去看的 不开心 有点吓人 适合情侣,2018-07-11 17:49,0,4
1197732,网络不太好kr,1028545400,感觉非常好看，演技在线,2018-07-11 17:14,0,5
1197732,hi李三岁,1028545177,还可以吧，，，,2018-07-11 17:10,0,4
1197732,敏敏敏298,1028533825,不错，很好看，嗯,2018-07-11 17:08,0,4.5
1197732,ZjD994765226,1028533799,一般般，打发时间,2018-07-11 17:08,0,2.5
1197732,民民gg,1028427843,不错，和媳妇一起看的，感觉还行，不错啊,2018-07-11 16:45,0,5
1197732,万雨19940624,1028535655,比较好看，值得推荐,2018-07-11 16:42,0,4.5
1197732,段彩茹,1028517188,国产良心制作，演技都在线，不错的！,2018-07-11 15:04,0,4
1197732,Pxs344279244,1028509887,好看 好看好看,2018-07-11 14:42,0,5
1197732,zSf926428151,1028511348,没有突出心理推理的过程，感觉还没李易峰廖凡那个好看,2018-07-11 13:42,0,2.5
1197732,石明玮,1028506254,不错！！！！！,2018-07-11 13:13,0,4.5
1197732,孤独的风中一匹狼,1028500178,邓超认真起来演戏还是很有代入感的,2018-07-11 12:58,0,5
1197732,萌萌哒若琪君,1028498913,好看。。。。。。。,2018-07-11 12:27,0,5
1197732,皇家之福,1028491322,还行还行还行还行,2018-07-11 12:10,0,3
1197732,海蓝时见鲸～,1028495751,不错。。。。。。。,2018-07-11 11:58,0,5
1197732,Byv531645074,1028496591,一般，没李易峰的好看,2018-07-11 11:58,0,2.5
1197732,tnu721991587,1028482984,一般，喜欢邓超,2018-07-11 11:53,0,5
1197732,王嗲嗲a,1028482800,完美，完美，完美，案子很有水准，,2018-07-11 11:43,0,5
1197732,liar.3733,1028485299,剧情反转的很厉害 邓超的演技在线,2018-07-11 10:31,0,4
1197732,Ees565976385,1028475650,just 一般吧。,2018-07-11 10:30,0,2.5
1197732,g高小宝儿,1028480852,一直是心理罪的影迷 邓超的演技没有让我失望 整体来说这部电影很好。,2018-07-11 10:09,0,5
1197732,偏闹ii,1028471495,很棒的影片！,2018-07-11 08:13,0,5
1197732,赖吉拉baby,1028464095,一般吧。还行吧,2018-07-11 07:21,0,3.5
1197732,gzu316826512,1028460033,这个还是不错的 有一段背景音乐还是挺吓人的 如果把阮经天换成李易峰就更好了 整体还不错,2018-07-11 00:26,0,3.5
1197732,ai皮皮叶,1028452697,挺好的一部电影,2018-07-10 23:54,0,3.5
1197732,vmW265474518,1028438150,很喜欢，城市之光 邓超演的很好,2018-07-10 22:51,0,5
1197732,oBv981959243,1028430391,失望吧，虽然超哥演技没得说,2018-07-10 22:26,0,1.5
1197732,XrE748577655,1028394862,不错环境也很好,2018-07-10 21:03,0,5
1197732,wdN588925502,1028394171,好好看，很不错,2018-07-10 20:35,0,5
1197732,胡半仙吃饭啦,1028385944,难得写影评，也不会写，就这么说吧，我把整部电影看完了，内心毫无波澜,2018-07-10 20:24,0,3.5
1197732,eJf481287548,1028391368,影片中有的画面有点恐怖，看得有点怕怕的,2018-07-10 20:06,0,4.5
1197732,ykL986562927,1028384337,很好看 邓超演技爆棚,2018-07-10 19:55,0,5
1197732,SjO519846230,1028388474,喜欢犯罪题材的电影,2018-07-10 19:49,0,5
1197732,默丫头21,1028387010,还行，一般吧。。。,2018-07-10 19:24,0,3
1197732,ZhuDan霞,1028381589,很好看，看完第一部的时候就很期待,2018-07-10 19:12,0,5
1197732,bun256309851,1028380783,喜欢喜欢，结局出乎意料,2018-07-10 19:01,0,5
1197732,花之里,1028371640,原著粉，还行，阮经天的变态演的不错,2018-07-10 18:21,0,5
1197732,qHU496913241,1028366197,确实不错，很耐人寻味,2018-07-10 18:17,0,4
1197732,jwq308657730,1028361870,真的很好看哦,2018-07-10 18:07,0,5
1197732,米糯子丸小,1028289218,还可以，中等吧,2018-07-10 17:31,0,3
1197732,15122825943,1028352483,不错 还是很喜欢,2018-07-10 17:12,0,5
1197732,爱老王的臭皮蛋,1028354029,电影还不错，从侧面写出人生的黑暗，不过。从始至终，人们的内心始终善良无比，值得庆幸的是，我们都还有一个发现美的眼睛,2018-07-10 16:48,0,4.5
1197732,qlv497096244,1028347733,感觉邓超的演技持续在突破,2018-07-10 16:26,0,5
1197732,Ine18690507,1028329477,棒棒哒棒棒哒,2018-07-10 15:01,0,5
1197732,鲁鑫203,1028322575,嗯嗯！聪明也不是一件好事。,2018-07-10 15:00,0,3
1197732,hIp889415940,1028327889,一般吧。。。,2018-07-10 14:48,0,3
1197732,qsT588527025,1028324507,好看。。。。。。,2018-07-10 14:13,0,5
1197732,戴五五,1028321018,廖凡不错 李易峰就尴尬了,2018-07-10 13:36,0,2.5
1197732,Meet瑞i,1028309170,还不错😊😄️😄️,2018-07-10 12:44,0,3.5
1197732,即墨无墨,1028301589,演员演技很好，阮经天很不一样,2018-07-10 12:20,0,4
1197732,fisherxm,1028307260,内容不错不错,2018-07-10 12:17,0,5
1197732,Evans.j,1028304398,非常好看的一部电影，值得推荐,2018-07-10 11:56,0,5
1197732,DEZ795526593,1028302960,很变态的一部电影,2018-07-10 11:47,0,5
1197732,bigbang达美,1028293785,挺好看的，推荐,2018-07-10 11:37,0,5
1197732,cola小飞龙,1028292659,没啥感受，小说可能更好？,2018-07-10 11:31,0,0
1197732,杨勇754,1028303074,情节曲折刺激，逻辑思维也不错，很吸引，不过我还是觉得第一部《心理罪》更好一些！,2018-07-10 11:29,0,4
1197732,aml760844055,1028296893,邓超饰演的方木，并不是非黑即白的角色，他有多重社会身份，在影片中经历了多重人生和情感上的大起大落，这些都注定了这种人物总是容易面对事情时，同时并存着多种复杂情绪。邓超在处理这个人物上，选择很聪明地“留白”，很谨慎地往回收，让方木变得有血有肉，令人信服。,2018-07-10 10:58,0,4
1197732,刘跃。,1028295999,这一块还我有谁,2018-07-10 10:56,0,4.5
1197732,慕凡Mr.,1028282530,不错……。。。,2018-07-10 10:04,0,5
1197732,oSG890233923,1028282402,忒别好看～～～～～！！！,2018-07-10 09:53,0,5
1197732,EJt678949230,1028288626,好看呀，么么哒,2018-07-10 09:37,0,5
1197732,loveqjg,1028274845,很喜欢，但是我同学有点受不了,2018-07-10 09:11,0,5
1197732,PHL663643891,1028273215,真滴难看得要命,2018-07-10 07:45,0,1
1197732,不二丫77,1028273021,好看好看看看,2018-07-10 07:06,0,5
1197732,王大喵萌萌哒,1028278118,看着还可以，,2018-07-10 04:20,0,5
1197732,小宝006,1028270174,邓超阮经天演技不错，可惜了刘诗诗！,2018-07-10 01:35,0,3.5
1197732,tanbinqq2004,1028258905,差不服。。。挺好看的。。。,2018-07-10 01:09,0,4.5
1197732,初闻杨sir,1028249129,这部剧很好看,2018-07-09 23:44,0,5
1197732,nWH680978753,1028212040,非常好看就是情节有点儿害怕,2018-07-09 21:54,0,5
1197732,SZN995447343,1028183518,还行，挺好看,2018-07-09 20:42,0,5
1197732,一世才情,1028188763,完美的影视作品,2018-07-09 20:39,0,5
1197732,xHB347910066,1028187217,邓超演的超级好好(*๓´╰╯`๓)♡ヾ ^_^♪,2018-07-09 20:17,0,5
1197732,须臾。827,1028181615,我拒绝自己上课,2018-07-09 20:07,0,5
1197732,ZXZAY,1028090322,喜欢心理罪。,2018-07-09 18:52,0,5
1197732,一曲浮殇,1028153601,好看 推荐 电影院不错,2018-07-09 18:19,0,5
1197732,是你女朋友啦,1028157764,与他一起看过的电影,2018-07-09 18:17,0,5
1197732,vAo391143134,1028157569,喜 欢 😊,2018-07-09 18:13,0,4.5
1197732,qMf657137627,1028141097,完美很棒很棒,2018-07-09 17:26,0,5
1197732,ZAn204146302,1028146220,超哥还是可以的。,2018-07-09 17:24,0,5
1197732,_qqw7k1397817132,1028137069,横店电影城的折扣卡真大写的服，显示的会员折扣价，点击付款就又是另外一个高出10+元的价格，比不办会员的价格都贵。什么垃圾影院，现在看《我不是药神》又是这情况，显示会员价25.9元，一到付款就变成34元，这不是恶心人吗。以后绝对不办横店会员。。。垃圾,2018-07-09 16:53,0,0.5
1197732,CSE313363408,1028116439,还可以的 剧情还可以,2018-07-09 15:53,0,3.5
1197732,pat165695185,1028114762,好看好看好看,2018-07-09 15:12,0,5
1197732,阿粼696,1028112445,还不错 剧情有点短,2018-07-09 14:46,0,5
1197732,一一kks,1028108819,好看好看好看,2018-07-09 14:41,0,5
1197732,小西919,1028112006,很好看，非常好看。,2018-07-09 14:37,0,5
1197732,Riy110075540,1028100410,不错不错不错,2018-07-09 14:22,0,5
1197732,TEz119944244,1028106372,好好好是好好,2018-07-09 14:09,0,4.5
1197732,浅梦0,1028101911,。。。。。。。。。。好,2018-07-09 13:51,0,4
1197732,XKh167680582,1028023361,好看好看好看，就是是和一个emmmm的人去的,2018-07-09 13:46,0,4.5
1197732,Trust559,1028101425,好看！！！！！,2018-07-09 13:41,0,4.5
1197732,gonghongshan,1028088271,国产悬疑篇的模仿入门之作，没啥点评的,2018-07-09 12:25,0,3
1197732,HXc188964460,1028075789,这个真是非常的不错！震撼！良心片！好看,2018-07-09 12:21,0,5
1197732,zz国民男神,1028015138,很棒的电影，喜欢,2018-07-09 11:44,0,4.5
1197732,OyJ237311364,1028066131,悬疑紧张，犯罪心理，拍得不错，就是感觉有些地方衔接不够，总体来说还是挺好的。,2018-07-09 11:02,0,3.5
1197732,DSS12345789DSS,1028060685,很好看的电影，剧情扣的比较好,2018-07-09 10:39,0,4.5
1197732,jpJ598947779,1028034856,一般般吧！没什么好说的,2018-07-09 00:53,0,2.5
1197732,北辰橙蓝,1028033413,演员演技都很不错~剧情也比较靠谱~,2018-07-09 00:37,0,4
1197732,给你深拥i,1028020097,好看 喜欢邓超,2018-07-09 00:03,0,4
1197732,Liuranli,1028005470,感觉还不错耶,2018-07-08 23:22,0,4.5
1197732,张张张YANG,1027989492,OK还可以啊,2018-07-08 22:57,0,4
1197732,lw顺溜,1027957962,感觉很像暗黑者电影版！,2018-07-08 22:02,0,4.5
1197732,Balloon,1027966907,凑合,2018-07-08 22:00,0,3.5
1197732,QEd200663415,1027936946,还可以吧 喜欢诗诗,2018-07-08 21:23,0,3
1197732,不羁阿歪,1027917538,整体可以，总感觉少点东西,2018-07-08 20:05,0,4
1197732,GZM407476244,1027909372,特别好看惊心动魄,2018-07-08 19:36,0,5
1197732,LlV951268377,1027904408,好好好，非常好,2018-07-08 19:23,0,5
1197732,zzia535,1027899560,完美，很喜欢,2018-07-08 19:05,0,5
1197732,曾淑娴儿,1027871992,很久之前看过，可以推荐,2018-07-08 18:07,0,4
1197732,pOi57011546,1027865547,好，不错，挺好的。,2018-07-08 17:46,0,5
1197732,加菲不是猫,1027846208,邓超的演技很棒，剧情一般,2018-07-08 17:10,0,3.5
1197732,我淘我最帅,1027844462,尽享超哥的演技,2018-07-08 16:56,0,4.5
1197732,GREEN_SWAG,1027840379,我觉得可以，男票说不咋好看,2018-07-08 16:44,0,4
1197732,极速128,1027806641,邓超的演技还可以,2018-07-08 15:39,0,3.5
1197732,rJG219996005,1027804511,好看好看好看好看好看好看好看好看,2018-07-08 15:28,0,5
1197732,PPM693632745,1027806013,还不错 挺好看的,2018-07-08 15:23,0,5
1197732,VZW981699136,1027807039,好看hkhk,2018-07-08 15:15,0,5
1197732,鹿大可爱7,1027790906,一般般 一般般,2018-07-08 14:53,0,3
1197732,萌萌叶诗语,1027801044,剧情跌宕起伏,2018-07-08 14:52,0,4.5
1197732,雪蝶飞儿,1027797603,喜欢，很棒。,2018-07-08 14:45,0,5
1197732,iXI411142567,1027791564,特别好看的电影,2018-07-08 14:17,0,5
1197732,xUG269835883,1027779621,很喜欢这种不错,2018-07-08 13:57,0,5
1197732,KgA452162179,1027785733,这部也是挺好看的。,2018-07-08 13:54,0,4.5
1197732,bVt700426039,1027772961,电影还可以 没想象中那么好,2018-07-08 13:36,0,4
1197732,Fhc640984900,1027774204,比较好比较好,2018-07-08 13:24,0,3.5
1197732,bzD467279204,1027767448,额帮朋友买的没看。。。。,2018-07-08 12:59,0,3.5
1197732,fwD944969987,1027769477,还行吧，一般，没什么特别的,2018-07-08 12:44,0,2.5
1197732,Daq518503336,1027758273,还挺好看的完美,2018-07-08 12:27,0,5
1197732,小天才凉,1027761635,令人一言难尽的电影,2018-07-08 12:22,0,3
1197732,zZu867218955,1027752202,情节还原度很高，真的良心巨制,2018-07-08 11:55,0,5
1197732,阿虎和梦梦,1027740780,很好看，人心复杂,2018-07-08 11:40,0,5
1197732,给我剥柚子吗,1027737863,很好看，情节跌宕起伏。,2018-07-08 11:35,0,5
1197732,詹文拓,1027744532,和女朋友第一次看电影，没看下去，结束了，只知道是邓超演的！,2018-07-08 11:25,0,5
1197732,shinuken,132339123,1分扣小天配音，0.5分扣刘诗诗，0.5分扣结局。其实总体都挺好的就是配音有点出戏，刘诗诗在介绍嫌疑人的时候莫名的兴奋我也不知道她在兴奋啥，没看过原著，是原著里面的米楠就是这样吗，如果是的话就是人物有问题我不该怪lss，结局如果方木死了我会觉得这部电影更加精彩。,2018-07-08 10:55,0,4
1197732,WaW420685245,1027738688,非常便宜啊啊啊,2018-07-08 10:48,0,5
1197732,鮑露艷,1027734815,很好看，喜欢此类电影,2018-07-08 10:29,0,5
1197732,Thq953086927,1027734185,很不错，还好吃,2018-07-08 10:16,0,5
1197732,vuu26447343,1027727850,邓超的演技从来没有让我失望过，我非常喜欢这部电影,2018-07-08 09:43,0,5
1197732,彪悍的翔哥,1027703119,不错、、真心不错、,2018-07-08 01:00,0,4
1197732,hVk587399798,1027688833,心理题材电影还可以,2018-07-08 00:48,0,3.5
1197732,赵嫣嫣呀,1027691684,不错 值得看一看,2018-07-08 00:26,0,5
1197732,拯救大兵张嘎i,1027686978,689p78,2018-07-08 00:18,0,5
1197732,大仙hoho,1027658892,希望刘诗诗不要出来演戏了。,2018-07-07 23:24,0,0.5
1197732,yao616037140,1027635673,当时看着有点恐怖,2018-07-07 22:17,0,4
1197732,bMd400490960,1027603824,不是特别好看,2018-07-07 21:42,0,4
1197732,War469238067,1027582955,打扰了。。。。。。,2018-07-07 20:23,0,3
1197732,jgh966845323,1027565354,不错的，可以好看,2018-07-07 19:41,0,5
1197732,figoXXXXX,1027557498,比想象中好一点。。。,2018-07-07 19:30,0,3.5
1197732,银绿守护,1027556664,很精彩，大爱诗诗,2018-07-07 19:06,0,5
1197732,lixueting199405,1027541455,出门的时候和会会困到后悔，不过电影比预期好很多 阮经天好变态 演技赞👍,2018-07-07 18:38,0,4.5
1197732,已婚小公主2018,1027538588,棒棒哒棒棒哒,2018-07-07 18:35,0,5
1197732,sehun297,1027533640,还不错👍👍,2018-07-07 18:20,0,5
1197732,幻易,1027530267,方木不够纤细神经，女主差评！差评！差评！女主**，我们方木女朋友只能死的，雷米大大没出镜。。。。,2018-07-07 18:05,0,2
1197732,麻豆哈喽,1027535067,很好 剧情紧张 跌宕起伏 很棒,2018-07-07 18:01,0,5
1197732,降龙一斩,1027520887,警察平时工作的辛苦与伟大,2018-07-07 17:30,0,5
1197732,shr114,1027514457,好看！符合我的口味！为导演点赞！,2018-07-07 17:08,0,5
1197732,seven.cai,1027508145,一般般，，，,2018-07-07 16:47,0,3.5
1197732,烟花冷了,1027488100,之所以说“理性上喜欢”是因为本片基本做到了情节曲折、悬念引人、逻辑通顺、角色合理，悬疑与真相设计都能够自圆其说，还能呼应社会热点话题，亦有人性上的冲突与交锋，说明编剧和导演的创作是十分成熟扎实、认真细致的，这在华语犯罪悬疑片中已经算是蛮难得的了！每年都能看到大量逻辑无法自圆其说又没啥内涵的犯罪悬疑片不是吗？,2018-07-07 15:56,0,4
1197732,伍拾肆,1027469043,总有一种表演过于用力的感觉,2018-07-07 14:41,0,4
1197732,UIY686378063,1027456552,好看，但是太吓人了,2018-07-07 13:46,0,5
1197732,mCE478653161,1027447070,垃圾电影与演员,2018-07-07 13:21,0,2
1197732,wir243552012,1027439004,一般吧 感觉没原著好看 有些演员演技过于浮夸,2018-07-07 12:26,0,3.5
1197732,IQD924229658,1027427484,不错 价格还不贵,2018-07-07 12:07,0,5
1197732,bingjianjuexing,1027427307,好久之前看的饿,2018-07-07 12:01,0,4.5
1197732,八戒不要急,1027417643,空哦了团灭你这个你哈怀疑我红哦,2018-07-07 11:35,0,4
1197732,CXI306303313,1027426086,挺好看的 很精彩,2018-07-07 11:23,0,5
1197732,不知情的丁,1027420549,忠实原著党表示非常好看，果然邓超不演自己工作室的电影就很棒了,2018-07-07 11:10,0,5
1197732,Hamelon,1027419108,没啥记忆点，现在我都回想不起来了。。,2018-07-07 10:47,0,3.5
1197732,m1ssWh,1027414541,国产电影什么时候能静下心来琢磨琢磨好剧本，观众都是傻子吗？,2018-07-07 10:18,0,0.5
1197732,農CLN,1027414230,感情戏有点奇怪,2018-07-07 10:10,0,3
1197732,飘移的枫,1027404396,还不错，邓超演技一般，剧中另一位男演员演技很赞,2018-07-07 08:55,0,3.5
1197732,FiW420485879,1027401202,不是很喜欢这种悬念比较重的电影,2018-07-07 08:51,0,4
1197732,ALS451527944,1027391471,支持超哥，电影很不错,2018-07-07 06:54,0,4.5
1197732,hhj2466,1027385811,还不错，挺好的，也要的，凑够十五个字再说。应该够了吧！试试看！,2018-07-07 02:17,0,5
1197732,王飞7497,1027374049,不太适合看！！,2018-07-07 00:15,0,0.5
1197732,我影子吖,1027368621,好看！喜欢！,2018-07-07 00:07,0,5
1197732,A2607,1027368535,…觉得还可以吧。就是结尾太仓促了,2018-07-07 00:05,0,4
1197732,qHs291613832,1027364025,很久之前看的忘了评价 挺不错的,2018-07-06 23:33,0,5
1197732,马旭枫,1027335054,邓超演技超赞，人的心里完美展现,2018-07-06 22:35,0,5
1197732,禾乙呈,1027325640,还行吧，未成年禁看！！！！！,2018-07-06 22:23,0,4
1197732,上善若川,1027320349,多年前的原著党 剧情忘了好多 感觉其实拍的算不错了吧 李健唱的主题曲挺好听的,2018-07-06 22:06,0,4
1197732,wuli郉雲鵬,1027314437,蛮好看的，演技在线！,2018-07-06 21:38,0,5
1197732,啦甜,1027278367,不浪费我的钱,2018-07-06 19:44,0,5
1197732,zhengce910,1027273089,逻辑思维太强大,2018-07-06 19:44,0,5
1197732,DZY131105,1027157832,好看，好看，好看,2018-07-06 19:10,0,5
1197732,yanjia68,1027258906,还可以吧，一般。,2018-07-06 19:04,0,5
1197732,xIA233566080,1027250069,还可以，一般吧,2018-07-06 18:03,0,3.5
1197732,灼灼桃歌,1027249084,电影很好 思维缜密,2018-07-06 18:00,0,5
1197732,bjm417430252,1027255167,氛围很好！我同学一起去的。,2018-07-06 17:59,0,5
1197732,MR.聪头仔,1027237851,支持邓超！！,2018-07-06 17:33,0,4
1197732,qq57162298,1027234736,还不错，继续加油。,2018-07-06 17:18,0,4.5
1197732,nLY401417108,1027223923,电影很不错 好看！,2018-07-06 16:54,0,4.5
1197732,Lee.er,1027239020,还可以吧，总体不错。,2018-07-06 16:51,0,3.5
1197732,DxY573089661,1027221570,还行吧把。。,2018-07-06 16:02,0,3
1197732,猫吃鱼狗吃鸡,1027214795,强烈推荐心理罪，建议看书,2018-07-06 15:33,0,5
1197732,彩色的雪花花,1027210343,很久之前去的了，非常好,2018-07-06 15:29,0,4
1197732,Dkv273872991,1027214047,支持超哥，阔以,2018-07-06 15:21,0,4.5
1197732,_h36097067510255,1027208310,电影还不错，剧情比较紧凑，演的也非常好看，,2018-07-06 15:19,0,4
1197732,付学珂,1027209682,演技炸裂了！！！,2018-07-06 14:57,0,4.5
1197732,KoH181465188,1027205744,支持偶像棒棒哒,2018-07-06 14:41,0,5
1197732,Bety51470963,1027201511,挺好看的😊,2018-07-06 14:11,0,4
1197732,w两个世界啊,1027201101,还可以 超哥比较帅,2018-07-06 14:02,0,4.5
1197732,精灵5051,1027185649,很好很好很好,2018-07-06 13:18,0,4.5
1197732,bZT777232758,1027190718,可以可以可以,2018-07-06 13:16,0,5
1197732,cMh123927096,1027184756,没看不知道！！,2018-07-06 12:41,0,0.5
1197732,vic情何以堪,1027186265,好看，在我们无锡拍的。,2018-07-06 12:38,0,5
1197732,zvD914246550,1027184382,好看，喜欢刘诗诗,2018-07-06 12:35,0,5
1197732,M陌凉M,1027100392,挺好看的，比第一部安逸些,2018-07-06 12:27,0,5
1197732,清水木华323,1027181205,一般吧，没什么感觉,2018-07-06 12:15,0,4
1197732,吃的像只猪,1027175634,完全没有把小说里面的紧张感拍出来💥。 挺失望的,2018-07-06 11:54,0,3
1197732,BsR184988290,1027170336,感觉有人在害我……,2018-07-06 11:43,0,5
1197732,一生心系我,1027172814,很好看，剧情演技好评,2018-07-06 11:30,0,4
1197732,樱汐梦233,1027172592,还行吧，一般般,2018-07-06 11:25,0,3.5
1197732,_qqzwf1412499999,1027158807,期望有点过高，影片一般般,2018-07-06 11:14,0,3.5
1197732,屁宝最帅,1027161559,一般吧还行有点故弄玄虚了,2018-07-06 10:16,0,1
1197732,H卡哇伊,1027153243,还可以挺好看的,2018-07-06 09:49,0,4
1197732,等风来417,1027142865,好看，惊悚，悬疑,2018-07-06 09:03,0,5
1197732,zeB826002252,1027147692,非常好看，评价晚了,2018-07-06 08:27,0,5
1197732,natanie0,1027146526,不错，到位。,2018-07-06 07:50,0,4.5
1197732,UCJ161349072,1027142097,还是很不错的,2018-07-06 07:45,0,5
1197732,aaA953651469,1027136627,好看，喜欢这种,2018-07-06 06:33,0,4.5
1197732,南有浅夏363,1027138995,还可以吧，哈哈,2018-07-06 02:18,0,4
1197732,狂徒M,1027132172,还好还好还好,2018-07-06 00:45,0,4
1197732,_qqdw21428315745,1027130009,还可以，值得看一哈尔,2018-07-06 00:24,0,4
1197732,lKL515672779,1027093899,当时订的没去看，票也就浪费了，也不让退,2018-07-05 23:01,0,1.5
1197732,浅狸,1027090216,还不错，，，,2018-07-05 22:30,0,5
1197732,吃葡萄吐西瓜,1027089091,我觉得第二部真的比第一部牛逼了太多 不是一个水平的,2018-07-05 22:25,0,4
1197732,总裁857,1026971914,nice。。,2018-07-05 22:09,0,4
1197732,BPw262468213,1027069245,挺好看的，是一部不错的电影,2018-07-05 21:47,0,4.5
1197732,SwP806939716,1026971466,椅子很舒服，特别棒,2018-07-05 20:39,0,5
1197732,lswyf2,1027053630,买了票，没有看。因为你,2018-07-05 20:38,0,3
1197732,这个ID比较懒,1027049065,不错不错...,2018-07-05 20:23,0,5
1197732,cr15996930156,1027039820,对邓超和阮经天的演技很震惊，演的太好了！电影的主题也值得探讨，值得票价。,2018-07-05 20:06,0,4.5
1197732,HMa463044570,1026954614,还不错值得一看,2018-07-05 20:03,0,4
1197732,mingyawei123,1027042399,很不错，很喜欢,2018-07-05 19:52,0,5
1197732,xoo758688874,1027040072,跟前男友一块看的，记忆吧。嗯。,2018-07-05 19:34,0,5
1197732,gqP156076007,1027034045,影片不错，十分好看,2018-07-05 19:13,0,5
1197732,Acg393122203,1027031366,一般一般一般,2018-07-05 18:56,0,2.5
1197732,IhK483534833,1027025391,还不错吧😊,2018-07-05 18:36,0,4
1197732,bID187456283,1027018503,好看 发人深省,2018-07-05 17:59,0,4
1197732,锕萱,1027011467,超级好看，剧情不错,2018-07-05 17:46,0,5
1197732,情話微甜,1027013561,挺好看的 喜欢看这类型的电影,2018-07-05 17:44,0,4.5
1197732,_weixin632131469,1026960024,支持超哥作品。,2018-07-05 17:40,0,4.5
1197732,solachan,1026999922,好看的。很棒。,2018-07-05 16:58,0,5
1197732,武林萌主wy,1026999597,完美的一部惊悚片,2018-07-05 16:50,0,5
1197732,荷玄机,1027001094,我没有去看 错过了,2018-07-05 16:46,0,3.5
1197732,pSS280640376,1026890698,emmmm原著党觉得,2018-07-05 16:04,0,3
1197732,特种bing,1026984668,挺不错没毛病,2018-07-05 15:06,0,3.5
1197732,吥想说太多,1026984412,影片值得推荐。,2018-07-05 15:00,0,5
1197732,白大人,1026981021,超级无敌巨好看呀,2018-07-05 14:38,0,5
1197732,ZAw484284294,1026979640,好看的！！！,2018-07-05 14:30,0,5
1197732,大神，嫁给我,1026891496,邓超好帅。。。,2018-07-05 13:48,0,0.5
1197732,风流倜傥小武子,1026972271,满意，下次继续看,2018-07-05 13:26,0,5
1197732,魏景堂,1026958879,不错。挺好看的。,2018-07-05 12:38,0,5
1197732,MNAXQ,1026958700,为啥要6个字啊！！,2018-07-05 12:32,0,5
1197732,nId213212834,1026958159,很好很不错的电影,2018-07-05 12:15,0,5
1197732,你我他ZZ,1026959418,1号厅环境座位简直完美,2018-07-05 12:08,0,5
1197732,ajU229252967,1026956374,花73看的，没觉得值啊,2018-07-05 12:07,0,4.5
1197732,XoJ310644684,1026959246,挺好好好看的,2018-07-05 12:04,0,5
1197732,dhT149371171,1026949488,还行吧，一搬搬,2018-07-05 11:28,0,3.5
1197732,iAB903905556,1026950234,还行吧，结局有点,2018-07-05 11:07,0,3
1197732,Lmm810803468,1026948683,居然忘记剧情是什么了！没一点印象，难道是我的问题？,2018-07-05 11:05,0,2.5
1197732,dUi539105089,1026950004,什么破烂玩意,2018-07-05 10:59,0,1
1197732,我的吉娃娃啊,1026920327,特别好看，比较烧脑,2018-07-04 23:42,0,5
1197732,DvV586568979,1026876731,好看好看好看好看,2018-07-04 21:10,0,5
1197732,Bue811577956,1026865723,非常刺激，我和闺蜜一起看的,2018-07-04 20:37,0,5
1197732,Mrp968612323,1026864339,好看好看好看,2018-07-04 19:58,0,5
1197732,MYp382582695,1026849804,好久了。忘记了呢哈哈,2018-07-04 18:13,0,3.5
1197732,杨云758,1026853394,还是书原著精彩的多,2018-07-04 18:12,0,3
1197732,开大佬的宝马,1026850388,emmm还行还行,2018-07-04 17:42,0,4
1197732,qRt485675682,1026844697,嗯 是真的吓到我了,2018-07-04 17:23,0,4
1197732,被好心人骗过,1026841966,杜比音效给满分,2018-07-04 16:40,0,4
1197732,Fpx921208583,1026825499,值得一看。。。,2018-07-04 13:42,0,4.5
1197732,vuz322261584,1026823346,好看好看好看,2018-07-04 13:42,0,5
1197732,tMR363408707,1026824703,老喜欢超哥跟诗诗了,2018-07-04 13:26,0,5
1197732,小楹很甜吖,1026816473,好看，悬疑，惊悚，棒棒哒，期待更多作品,2018-07-04 12:51,0,5
1197732,YKm397062029,1026821054,很不错，邓超和阮经天的演技没的说，是我喜欢的类型。,2018-07-04 12:48,0,5
1197732,无关。245,1026812082,跟发小一去看的 觉着还不错,2018-07-04 11:31,0,4.5
1197732,SJl335584992,1026810454,好看好看。。,2018-07-04 11:26,0,5
1197732,NGE870071675,1026810307,挺好看的电影哈哈哈哈,2018-07-04 11:21,0,5
1197732,Emi511531976,1026696884,还行，挺好看的。,2018-07-04 10:44,0,5
1197732,_qqfd71444190266,1026804011,很好看很喜欢,2018-07-04 10:16,0,5
1197732,ChaiDavid,1026681959,还不错😄以后多出点这些电影,2018-07-04 10:13,0,4.5
1197732,aVo926734886,1026684901,挺真实的，邓超演的非常棒,2018-07-04 09:51,0,5
1197732,aoe643362337,1026803040,重口味🌚🌚🌚🌚,2018-07-04 09:40,0,4
1197732,阳不言,1026803008,总体感觉不错,2018-07-04 09:39,0,4
1197732,火龙女彩,1026793231,男主角邓超和阮经天都十分惊艳，两个人从头至尾都顶着一头乱糟糟的油腻发型，即使这样，看完电影不得不赞一声邓超饰演的警察是真的帅！阮经天的“狗蛋”也是真的变态！女主角刘诗诗这次也非常给力，“假小子”造型的她身上既有作为一位女警察的硬气，也有作为一名女孩子的温柔。一部非常不错的犯罪动作电影,2018-07-04 05:57,0,4
1197732,喵喵喵啊啊啊_,1026791165,李易峰真的很棒,2018-07-04 01:25,0,5
1197732,nRp806915531,1026785887,还可以，商业电影,2018-07-04 00:48,0,3.5
1197732,醉萌小妖i,1026788258,邓超演的特别好,2018-07-04 00:33,0,5
1197732,冥王不灵,1026788085,邓超很到位！,2018-07-04 00:21,0,5
1197732,yVy731379940,1026753571,不好看超难看,2018-07-03 21:35,0,3
1197732,HDq330374786,1026629917,好看好看好看,2018-07-03 21:03,0,5
1197732,石伟天,1026742064,就一个电影能拍出书上那么东西？,2018-07-03 20:53,0,5
1197732,紫蝶昙梦,1026729887,好喜欢超哥和阮经天的对手戏，诗诗不功不过，有进步,2018-07-03 19:30,0,4.5
1197732,mCH367895898,1026728981,好看，或许是最后一次吧,2018-07-03 19:20,0,5
1197732,NMe534091529,1026729471,挺好的，不错。,2018-07-03 19:16,0,3.5
1197732,哎你啥事,1026728700,太好看啦😄,2018-07-03 19:10,0,4.5
1197732,Sel607412106,1026728175,一般吧 将就看,2018-07-03 18:53,0,3
1197732,正版芒果汁儿,1026726590,超哥演技可以 但是说实话，我喜欢坏人，哈哈,2018-07-03 18:48,0,4
1197732,Mhq927193733,1026724165,不错的电影可以看看,2018-07-03 18:41,0,5
1197732,小情緒丶自控,1026725033,白瞎了超哥的演技,2018-07-03 18:19,0,3.5
1197732,小妮很萌,1026711489,这个还算可以,2018-07-03 16:50,0,3.5
1197732,王.冠雨,1026705721,还不错，挺有意思的。,2018-07-03 16:12,0,3.5
1197732,FoE992313943,1026705524,好看，年代感很强，演的也不错！,2018-07-03 16:02,0,4.5
1197732,羊小流的头号敌人,1026706236,没有原著好看,2018-07-03 15:24,0,4
1197732,KZK451955980,1026700613,邓超演的好看,2018-07-03 15:04,0,5
1197732,mWc13320351,1026700186,唯一的遗憾就是那个小女孩死了,2018-07-03 14:33,0,4
1197732,嘎达537,1026698502,好…………………,2018-07-03 14:28,0,5
1197732,黄明昊的nana啊,1026698483,还可以吧……,2018-07-03 14:26,0,3.5
1197732,ljh650040506,1026695901,还不错的一部片子,2018-07-03 13:40,0,4
1197732,偶然的优雅,1026697320,一直是心理罪系列的粉丝！网剧版的看了几篇！但是这次确实不怎么样，,2018-07-03 13:39,0,3
1197732,狂者之梦,1026687123,灰常好看😀😀,2018-07-03 11:43,0,5
1197732,LPA904983484,1026683993,行吧，中规中矩,2018-07-03 11:38,0,4
1197732,knW928325497,1026683928,不错，刘诗诗的演技进步很多,2018-07-03 11:36,0,5
1197732,昊蓝银,1026679665,邓超演的挺棒的，整体剧情很好看,2018-07-03 11:35,0,5
1197732,eoh809850740,1026683732,不错不错，挺好的,2018-07-03 11:28,0,5
1197732,暗河864,1026679547,作为原著党表示很失望，期望越大，失望就越大吧,2018-07-03 11:27,0,2
1197732,蓝依童雅,1026685127,阮经天演技炸裂,2018-07-03 11:25,0,4
1197732,hssha303,1026685027,很好看，很好看,2018-07-03 11:21,0,5
1197732,最爱剑心22,1026680959,感觉不怎么好看,2018-07-03 11:19,0,5
1197732,gKl489193776,1026676544,电影好看，剧情很不错,2018-07-03 10:45,0,5
1197732,元气少女郭德钢,1026680215,喜欢，嗯呢，凑够了,2018-07-03 10:45,0,5
1197732,北方Max,1026677865,忘了啥时候看的，来补个评论,2018-07-03 10:24,0,5
1197732,wmy王梦雨,1026671311,好看的不得了,2018-07-03 08:21,0,5
1197732,OUk341475022,1026670098,好看好看好看,2018-07-03 02:41,0,5
1197732,树儿儿儿儿,1026655170,我我我我我有点犯困(இдஇ; ),2018-07-02 22:38,0,4.5
1197732,HbT226999041,1026655156,不错，值得观看,2018-07-02 22:37,0,4
1197732,TMu947141332,1026575275,非常好啊，赞赞,2018-07-02 21:33,0,5
1197732,我们都要乖乖,1026547662,挺好的得得得,2018-07-02 21:25,0,5
1197732,GIB724119607,1026645455,主角很喜欢，,2018-07-02 21:18,0,5
1197732,hKx162516092,1026639571,好看好看好看,2018-07-02 20:28,0,4.5
1197732,imm677146209,1026643015,值得大家观看,2018-07-02 20:21,0,5
1197732,打包浮华,1026638591,还不错～拖了很久才上……,2018-07-02 19:47,0,4
1197732,wNR630877268,1026631316,整体来说不错，但不至于让人印象深刻,2018-07-02 18:49,0,4
1197732,明净荒寒5,1026628250,喜欢，有点惊喜的感觉,2018-07-02 18:29,0,5
1197732,SN是个大傻子,1026625020,为了超哥看的,2018-07-02 17:50,0,4
1197732,tEr196561635,1026620864,挺好看的。。,2018-07-02 17:44,0,5
1197732,ytb720358177,1026618018,还好吧，感觉没有暗黑者好看,2018-07-02 16:48,0,3
1197732,koZ623261442,1026612830,绝对的超级好看！！！,2018-07-02 16:22,0,5
1197732,江宋明,1026605791,感觉还是很不错的,2018-07-02 15:44,0,5
1197732,风情688,1026607071,非常非常好，过过过,2018-07-02 15:25,0,5
1197732,利哥哥的小棉袄,1026600364,很好看，很细腻,2018-07-02 14:16,0,5
1197732,OJM859166018,1026599142,挺好看的 嘿嘿,2018-07-02 13:21,0,5
1197732,syt568895173,1026596261,不错，看的我惊心动魄的,2018-07-02 12:52,0,4.5
1197732,aNk935764450,1026592405,好看，非常好看,2018-07-02 12:44,0,5
1197732,zf991107,1026591893,挺不错，很血腥。,2018-07-02 12:26,0,3
1197732,狸三少,1026591668,还不错，挺好的,2018-07-02 12:19,0,4.5
1197732,王者丶杰,1026589754,还行，值得一看,2018-07-02 12:05,0,4
1197732,别具魅力,1026589212,为邓超打call！,2018-07-02 11:49,0,5
1197732,静静891226,1026587028,还行吧，把邓超刻画的有点神了,2018-07-02 11:38,0,3.5
1197732,QxD31242773,1026582940,没有想象中好看,2018-07-02 11:33,0,3.5
1197732,过往遗憾,1026585115,好久好久好久之前看得了.,2018-07-02 11:19,0,5
1197732,qqG691231583,1026582553,打脑壳的剧情，精彩,2018-07-02 11:11,0,5
1197732,阿九妹25,1026582259,很好看特别让人惊喜,2018-07-02 10:49,0,4.5
1197732,fhO147428634,1026579524,还可以！😄,2018-07-02 10:38,0,5
1197732,Shv925539133,1026577495,真是，感觉太精彩了,2018-07-02 09:51,0,5
1197732,范特西磊,1026574809,还可以，还可以,2018-07-02 09:37,0,5
1197732,川柜电气,1026578130,一般！一般！,2018-07-02 09:04,0,3
1197732,QSx330376708,1026576381,很好看⊙﹏⊙,2018-07-02 08:54,0,5
1197732,MMO137992700,1026574036,好看好看好看,2018-07-02 08:22,0,5
1197732,萍安果,1026568370,超赞 值得一看 情结环环相扣 紧张 刺激 悬念跌宕起伏 演员演技在线 拍摄手法 视觉 角度前卫我推荐。,2018-07-02 05:56,0,5
1197732,静呀...,1026476425,还行，离方木还有一段距离,2018-07-02 00:04,0,3.5
1197732,n瑕不掩瑜n,1026558878,看了之后觉得没感觉,2018-07-01 23:49,0,3
1197732,吃货runing,1026439893,好看，和朋友一起去看的，,2018-07-01 23:12,0,5
1197732,qMp347895866,1026542882,很燃的剧情哦，人物刻画清晰，变态程度不一般啊,2018-07-01 22:23,0,4
1197732,dragon456258,1026544542,还可以有点压抑,2018-07-01 22:09,0,4
1197732,六星七,1026531840,诗诗超级巨美,2018-07-01 21:18,0,5
1197732,无忧少女cxxx,1026528749,超哥的演技可以的啊 眼神 表情 都是一级棒 超乎想象 还可以的,2018-07-01 20:32,0,3.5
1197732,otc518030370,1026527586,电影非常好，看的很过瘾,2018-07-01 20:20,0,5
1197732,姐姐v5,1026528257,不错 挺好看的,2018-07-01 20:20,0,5
1197732,劳资素宝,1026526109,一般，好像是模仿别人的,2018-07-01 20:16,0,3.5
1197732,eLN857674611,1026524453,挺好的，以后还会来,2018-07-01 20:13,0,5
1197732,璃夏子Serena,1026519604,挺好的，邓超阮经天演技不错。,2018-07-01 19:45,0,4
1197732,林林林林林1907,1026520583,不好看，，，,2018-07-01 19:36,0,5
1197732,茹妹耶,1026514358,只有心理罪1好看 后来出的真是不敢恭维 这个对它期望太高了 也比较失望,2018-07-01 18:59,0,3
1197732,萌蠢少年郎,1026508935,不错，期待下部,2018-07-01 18:59,0,4.5
1197732,VlQ394663348,1026506936,好看好看， 看完了带女朋友到爬爬。,2018-07-01 18:41,0,5
1197732,dNt713678963,1026499732,没有期待中的好,2018-07-01 18:10,0,4
1197732,Tcb227790440,1026499493,还行吧，算是不错,2018-07-01 18:06,0,3
1197732,mei团15947755189,1026485613,有趣，爱看，不错，有点心里电影的意日,2018-07-01 17:24,0,4.5
1197732,xBY288151152,1026480461,邓超不错特别好,2018-07-01 16:53,0,5
1197732,qae879145469,1026454969,气氛可以 不错,2018-07-01 14:59,0,5
1197732,哈哈237759062,1026447888,还不错，环境不错,2018-07-01 14:22,0,4.5
1197732,wsT850541566,1026449978,超哥真棒 挺好的,2018-07-01 14:14,0,5
1197732,fZG727133409,1026448953,好看好看好看。,2018-07-01 14:03,0,5
1197732,颤抖的脆皮,1026449553,可以看一看。。,2018-07-01 14:03,0,4
1197732,xqzj.,1026445881,很好看，支持超哥 刘诗诗很美,2018-07-01 13:44,0,4.5
1197732,zjM172265722,1026445792,还行 还行,2018-07-01 13:42,0,5
1197732,kGc510594941,1026441897,寓意深刻，引人对现代社会执法及法律的深思。,2018-07-01 13:38,0,5
1197732,武帅凯,1026441515,保姆空龙游天下,2018-07-01 13:21,0,5
1197732,Cqx203323993,1026351541,我感觉非常好看,2018-07-01 13:04,0,5
1197732,rQW851072500,1026438022,整体情节比较吸引人,2018-07-01 12:33,0,4
1197732,TRd153499066,1026434760,电影很好看，可惜没有她了！,2018-07-01 12:28,0,5
1197732,MtO304859032,1026433501,邓超很有张力,2018-07-01 12:14,0,5
1197732,子曼玲珑,1026429379,好看！超哥演技赞👍,2018-07-01 12:00,0,5
1197732,左岸牵牛,1026431555,还可以，比想象的要好的多，演技在线,2018-07-01 11:53,0,4
1197732,我是路飞是海贼王,1026429205,还不错，值得一看,2018-07-01 11:53,0,5
1197732,nkO179197479,1026426426,很好看的电影哦,2018-07-01 11:24,0,4
1197732,AKI406737467,1026424481,还行吧还行吧还行吧,2018-07-01 11:22,0,4.5
1197732,笨笨猪,1026426147,太紧张了，挺吓人的,2018-07-01 11:14,0,2.5
1197732,clm187,1026424207,一点都不好看，是看票价便宜7块多，打发时间才去看的，剧情就是警察抓罪犯，也不破解罪犯的作案手法，不喜欢，差,2018-07-01 11:07,0,0.5
1197732,luoweilan,1026425445,咿呀咿呀哟一样,2018-07-01 11:00,0,5
1197732,GON776246397,1026425369,一般般，感觉不怎么样,2018-07-01 10:57,0,3.5
1197732,king丿晨爱,1026425228,超出预期。。,2018-07-01 10:53,0,5
1197732,beyond316,1026425064,不错不错不错,2018-07-01 10:47,0,5
1197732,百纪琥珀,1026420583,阮经天演技可圈可点，剧情在逻辑上勉强过得去，不能细想,2018-07-01 10:15,0,3
1197732,gaokxiong,1026410908,很不错啊，很好看,2018-07-01 09:42,0,5
1197732,陈大依靠,132434621,支持我超哥 每次看完他的电影总让我认识到一个不一样的邓超 百变咖 演技派 支持你的每一次转变 😋,2018-07-01 09:41,0,3.5
1197732,Leo_小吸,1026413277,两男主演技炸了,2018-07-01 08:56,0,3.5
1197732,空城只有旧梦在,1026409972,一般般吧！！,2018-07-01 08:07,0,2.5
1197732,zLU940961157,1026405525,还行吧，挺好看的，惊心动魄,2018-07-01 02:47,0,4.5
1197732,静浮生若梦,1026400038,电影剧情设计还可以,2018-07-01 00:42,0,4
1197732,GbE504475574,1026394047,我觉得很精彩，人物塑造不错，很喜啦~,2018-06-30 23:35,0,4.5
1197732,Hae916526329,1026393255,不错的推理片,2018-06-30 23:21,0,3.5
1197732,田喜橙,1026388898,还凑合，不太好看,2018-06-30 23:08,0,4
1197732,diudiu158,1026377647,很好看没睡着,2018-06-30 21:58,0,5
1197732,用户开启隐藏模式,1026376607,很一般很一般,2018-06-30 21:53,0,2.5
1197732,蔓蔓是只什么猪,1026366305,可以😊😀😀😀,2018-06-30 20:55,0,5
1197732,carol阿惠,1026361675,好看好看好看,2018-06-30 20:41,0,4.5
1197732,mxmzzzs,1026358424,挺好看的 奔着邓超去的 推荐,2018-06-30 20:32,0,5
1197732,玲玲24,1026357260,很好看，邓超不愧是影帝,2018-06-30 20:21,0,5
1197732,bJQ656110171,1026348787,还可以，，，，,2018-06-30 19:17,0,5
1197732,肉罐头儿,1026343633,还可以，脑子里都是“狗蛋”,2018-06-30 18:55,0,3.5
1197732,lKH835627969,1026335622,挺赞的，喜欢，，，，，,2018-06-30 18:31,0,3.5
1197732,呦呦呦237,1026325958,全程肥皂剧你懂最后主角为什么不死？,2018-06-30 17:45,0,3.5
1197732,RX1793,1026330464,还可以还可以！,2018-06-30 17:42,0,5
1197732,_qq6hd1436517660,1026328469,一般般，勉强及格,2018-06-30 17:39,0,4
1197732,感动常在的2018,1026326566,帮别人买的，你懂的！,2018-06-30 17:23,0,2.5
1197732,QSj566681956,1026326125,一个字好，继续努力我峰,2018-06-30 17:16,0,5
1197732,pLj145864036,1026322609,还行吧，，，，，，，,2018-06-30 17:08,0,5
1197732,Mr王王王王王王王,1026309246,能忍住吗吐槽,2018-06-30 16:15,0,4
1197732,YXM52077,1026310258,挺好的，去电影院去了，本来是去看芳华的，芳华没票了，这个也挺好的,2018-06-30 16:08,0,4
1197732,再zhang438306,1026303764,还行，不过没那么烧脑，不过也不错了,2018-06-30 15:59,0,5
1197732,窝仔gg,1026300239,很不错 干干净净,2018-06-30 14:56,0,5
1197732,ljh吃喝玩乐,1026292735,挺好看的，冲着诗诗还有题材去看的，表现确实不错，邓超阮经天的演技也是杠杠的，结尾感觉处理的不是特别好，前期节奏好，后期稍弱一些。,2018-06-30 14:14,0,4
1197732,Uta804742492,1026289210,好看真的超级好看,2018-06-30 13:35,0,5
1197732,Mds243213436,1026288031,挺好看的，很精彩,2018-06-30 13:28,0,4
1197732,samsaradiss,1026281595,心理罪系列的都很喜欢。原著党表示。城市之光不应该是用这样的方式去诠释的。他是内敛的，英勇的，正义的。而这里的确变成了阴郁，个人主义，邪恶。完全没了了正能量。个人觉得邓超不适合方木的角色。还是电视剧拍的好。,2018-06-30 13:17,0,3
1197732,shP514442794,1026284569,还不错，至少值这张电影票吧。,2018-06-30 13:17,0,4
1197732,TIAN婧雯,1026217171,一般吧，不喜欢刘诗诗,2018-06-30 13:09,0,4
1197732,Qaw201176015,1026280238,首先阮经天的反派让我很惊艳演技炸裂，超哥一如既往地稳，唯一的女性角色刘诗诗演绎的还是很出色的，进步很多！总体来说很不错了！,2018-06-30 12:47,0,5
1197732,习男妹纸,1026277578,不错！还可以,2018-06-30 12:34,0,4
1197732,lur196355645,1026277423,好看，棒棒哒棒棒哒！,2018-06-30 12:31,0,4
1197732,治愈系萌呆i,1026269913,超级好看，，，，，,2018-06-30 12:15,0,5
1197732,mol651164423,1026273076,刘诗诗，刘诗诗，刘诗诗,2018-06-30 12:02,0,5
1197732,aqw690542806,1026269351,阮经天帅爆了！！！！疯狂打call～～～～～很好看，值得一看,2018-06-30 11:56,0,5
1197732,妞妞00Meituan,1026169681,好看。。。。。。。。。。,2018-06-30 11:41,0,5
1197732,GHz689921615,1026263453,我忘了去没去看了，怎么不记得了呢,2018-06-30 11:13,0,5
1197732,hhhjjj123789,1026266047,好看，真的好看,2018-06-30 11:07,0,5
1197732,ThH682176339,1026262314,零时有事 票送给朋友去看了,2018-06-30 10:44,0,3.5
1197732,aei403158806,1026262232,好看好看好看,2018-06-30 10:41,0,5
1197732,西伯利亚_汪,1026262177,还可以的吧。，,2018-06-30 10:39,0,3
1197732,玲零鎏,1026262170,不错，阮经天演的特别惊艳…,2018-06-30 10:39,0,4
1197732,knight138,1026259424,情节一般，全靠演员来凑,2018-06-30 10:35,0,5
1197732,gDf466137092,1026253775,情节快，演技好，值得人深思,2018-06-30 09:47,0,5
1197732,lae323001465,1026254975,看着不错拍的挺好看的,2018-06-30 09:26,0,5
1197732,柠檬泡奶,1026244622,蛮好看的😂😂,2018-06-30 07:18,0,5
1197732,本菇凉姓陈,1026244240,感觉蛮刺激的😁,2018-06-30 06:07,0,5
1197732,始于初见7686,1026155538,演技炸裂！！！！,2018-06-30 02:05,0,5
1197732,骋逸,1026231476,一般般啊😊呵呵,2018-06-30 00:36,0,2.5
1197732,解夏day,1026227509,还不错，阮经天演技不错。,2018-06-30 00:02,0,4
1197732,ntb843212077,1026225288,还算比较好的还原了原著,2018-06-29 23:47,0,5
1197732,lTN889536357,1026215296,棒极了呢！期待峰哥的下部作品😗😗😗,2018-06-29 23:09,0,5
1197732,丑的别致,1026215253,全靠邓超和阮经天控场了,2018-06-29 23:08,0,4.5
